epoch,epochs_total,step,steps_total,loss,logits_loss,aux_loss,lr
1,2,100,56608,1.9867,1.9867,0.0,1e-05
1,2,200,56608,2.0525,2.0525,0.0,1e-05
1,2,300,56608,1.9099,1.9099,0.0,1e-05
1,2,400,56608,2.1614,2.1614,0.0,1e-05
1,2,500,56608,1.7729,1.7729,0.0,1e-05
1,2,600,56608,1.8226,1.8226,0.0,1e-05
1,2,700,56608,1.7309,1.7309,0.0,1e-05
1,2,800,56608,1.779,1.779,0.0,1e-05
1,2,900,56608,1.6858,1.6858,0.0,1e-05
1,2,1000,56608,1.8979,1.8979,0.0,1e-05
1,2,1100,56608,1.8674,1.8674,0.0,1e-05
1,2,1200,56608,1.8848,1.8848,0.0,1e-05
1,2,1300,56608,1.7616,1.7616,0.0,1e-05
1,2,1400,56608,1.842,1.842,0.0,1e-05
1,2,1500,56608,1.5993,1.5993,0.0,1e-05
1,2,1600,56608,1.918,1.918,0.0,1e-05
1,2,1700,56608,1.9513,1.9513,0.0,9.99e-06
1,2,1800,56608,1.8773,1.8773,0.0,9.99e-06
1,2,1900,56608,1.8644,1.8644,0.0,9.99e-06
1,2,2000,56608,1.6764,1.6764,0.0,9.99e-06
1,2,2100,56608,1.6437,1.6437,0.0,9.99e-06
1,2,2200,56608,1.6086,1.6086,0.0,9.99e-06
1,2,2300,56608,1.8106,1.8106,0.0,9.99e-06
1,2,2400,56608,1.7574,1.7574,0.0,9.99e-06
1,2,2500,56608,1.7205,1.7205,0.0,9.99e-06
1,2,2600,56608,1.776,1.776,0.0,9.99e-06
1,2,2700,56608,1.8208,1.8208,0.0,9.99e-06
1,2,2800,56608,1.4484,1.4484,0.0,9.99e-06
1,2,2900,56608,1.8407,1.8407,0.0,9.99e-06
1,2,3000,56608,1.7899,1.7899,0.0,9.98e-06
1,2,3100,56608,1.5847,1.5847,0.0,9.98e-06
1,2,3200,56608,1.6288,1.6288,0.0,9.98e-06
1,2,3300,56608,1.7785,1.7785,0.0,9.98e-06
1,2,3400,56608,1.6256,1.6256,0.0,9.98e-06
1,2,3500,56608,1.5737,1.5737,0.0,9.98e-06
1,2,3600,56608,1.6238,1.6238,0.0,9.98e-06
1,2,3700,56608,1.7068,1.7068,0.0,9.98e-06
1,2,3800,56608,1.7822,1.7822,0.0,9.98e-06
1,2,3900,56608,1.76,1.76,0.0,9.97e-06
1,2,4000,56608,1.7328,1.7328,0.0,9.97e-06
1,2,4100,56608,1.7432,1.7432,0.0,9.97e-06
1,2,4200,56608,1.719,1.719,0.0,9.97e-06
1,2,4300,56608,1.6502,1.6502,0.0,9.97e-06
1,2,4400,56608,1.4771,1.4771,0.0,9.97e-06
1,2,4500,56608,1.6996,1.6996,0.0,9.96e-06
1,2,4600,56608,1.8396,1.8396,0.0,9.96e-06
1,2,4700,56608,1.8699,1.8699,0.0,9.96e-06
1,2,4800,56608,1.6082,1.6082,0.0,9.96e-06
1,2,4900,56608,1.7882,1.7882,0.0,9.96e-06
1,2,5000,56608,1.71,1.71,0.0,9.96e-06
1,2,5100,56608,1.6556,1.6556,0.0,9.96e-06
1,2,5200,56608,1.5782,1.5782,0.0,9.95e-06
1,2,5300,56608,1.6335,1.6335,0.0,9.95e-06
1,2,5400,56608,1.6309,1.6309,0.0,9.95e-06
1,2,5500,56608,1.6961,1.6961,0.0,9.95e-06
1,2,5600,56608,1.76,1.76,0.0,9.95e-06
1,2,5700,56608,1.7722,1.7722,0.0,9.94e-06
1,2,5800,56608,1.6649,1.6649,0.0,9.94e-06
1,2,5900,56608,1.7514,1.7514,0.0,9.94e-06
1,2,6000,56608,1.5944,1.5944,0.0,9.94e-06
1,2,6100,56608,1.6749,1.6749,0.0,9.94e-06
1,2,6200,56608,1.6542,1.6542,0.0,9.93e-06
1,2,6300,56608,1.6554,1.6554,0.0,9.93e-06
1,2,6400,56608,1.7177,1.7177,0.0,9.93e-06
1,2,6500,56608,1.6849,1.6849,0.0,9.93e-06
1,2,6600,56608,1.8084,1.8084,0.0,9.92e-06
1,2,6700,56608,1.8867,1.8867,0.0,9.92e-06
1,2,6800,56608,1.8097,1.8097,0.0,9.92e-06
1,2,6900,56608,1.803,1.803,0.0,9.92e-06
1,2,7000,56608,1.6604,1.6604,0.0,9.92e-06
1,2,7100,56608,1.7168,1.7168,0.0,9.91e-06
1,2,7200,56608,1.5098,1.5098,0.0,9.91e-06
1,2,7300,56608,1.7044,1.7044,0.0,9.91e-06
1,2,7400,56608,1.8144,1.8144,0.0,9.91e-06
1,2,7500,56608,1.5487,1.5487,0.0,9.9e-06
1,2,7600,56608,1.8381,1.8381,0.0,9.9e-06
1,2,7700,56608,1.7283,1.7283,0.0,9.9e-06
1,2,7800,56608,1.6728,1.6728,0.0,9.9e-06
1,2,7900,56608,1.6496,1.6496,0.0,9.89e-06
1,2,8000,56608,1.6039,1.6039,0.0,9.89e-06
1,2,8100,56608,1.4785,1.4785,0.0,9.89e-06
1,2,8200,56608,1.5421,1.5421,0.0,9.88e-06
1,2,8300,56608,1.3295,1.3295,0.0,9.88e-06
1,2,8400,56608,1.7122,1.7122,0.0,9.88e-06
1,2,8500,56608,1.7866,1.7866,0.0,9.88e-06
1,2,8600,56608,1.7883,1.7883,0.0,9.87e-06
1,2,8700,56608,1.637,1.637,0.0,9.87e-06
1,2,8800,56608,1.7102,1.7102,0.0,9.87e-06
1,2,8900,56608,1.5646,1.5646,0.0,9.86e-06
1,2,9000,56608,1.7277,1.7277,0.0,9.86e-06
1,2,9100,56608,1.7637,1.7637,0.0,9.86e-06
1,2,9200,56608,1.6214,1.6214,0.0,9.85e-06
1,2,9300,56608,1.657,1.657,0.0,9.85e-06
1,2,9400,56608,1.8149,1.8149,0.0,9.85e-06
1,2,9500,56608,1.7737,1.7737,0.0,9.84e-06
1,2,9600,56608,1.7706,1.7706,0.0,9.84e-06
1,2,9700,56608,1.5751,1.5751,0.0,9.84e-06
1,2,9800,56608,1.7276,1.7276,0.0,9.83e-06
1,2,9900,56608,1.6002,1.6002,0.0,9.83e-06
1,2,10000,56608,1.7019,1.7019,0.0,9.83e-06
1,2,10100,56608,1.6736,1.6736,0.0,9.82e-06
1,2,10200,56608,1.6685,1.6685,0.0,9.82e-06
1,2,10300,56608,1.5602,1.5602,0.0,9.82e-06
1,2,10400,56608,1.8103,1.8103,0.0,9.81e-06
1,2,10500,56608,1.8172,1.8172,0.0,9.81e-06
1,2,10600,56608,1.6454,1.6454,0.0,9.81e-06
1,2,10700,56608,1.6015,1.6015,0.0,9.8e-06
1,2,10800,56608,1.6036,1.6036,0.0,9.8e-06
1,2,10900,56608,1.752,1.752,0.0,9.8e-06
1,2,11000,56608,1.6596,1.6596,0.0,9.79e-06
1,2,11100,56608,1.686,1.686,0.0,9.79e-06
1,2,11200,56608,1.6045,1.6045,0.0,9.78e-06
1,2,11300,56608,1.6399,1.6399,0.0,9.78e-06
1,2,11400,56608,1.6929,1.6929,0.0,9.78e-06
1,2,11500,56608,1.8569,1.8569,0.0,9.77e-06
1,2,11600,56608,1.3409,1.3409,0.0,9.77e-06
1,2,11700,56608,1.7207,1.7207,0.0,9.76e-06
1,2,11800,56608,1.6059,1.6059,0.0,9.76e-06
1,2,11900,56608,1.7694,1.7694,0.0,9.76e-06
1,2,12000,56608,1.4981,1.4981,0.0,9.75e-06
1,2,12100,56608,1.8295,1.8295,0.0,9.75e-06
1,2,12200,56608,1.6495,1.6495,0.0,9.74e-06
1,2,12300,56608,1.6081,1.6081,0.0,9.74e-06
1,2,12400,56608,1.6511,1.6511,0.0,9.74e-06
1,2,12500,56608,1.658,1.658,0.0,9.73e-06
1,2,12600,56608,1.8144,1.8144,0.0,9.73e-06
1,2,12700,56608,1.7267,1.7267,0.0,9.72e-06
1,2,12800,56608,1.6294,1.6294,0.0,9.72e-06
1,2,12900,56608,1.6409,1.6409,0.0,9.71e-06
1,2,13000,56608,1.645,1.645,0.0,9.71e-06
1,2,13100,56608,1.5351,1.5351,0.0,9.71e-06
1,2,13200,56608,1.7281,1.7281,0.0,9.7e-06
1,2,13300,56608,1.7875,1.7875,0.0,9.7e-06
1,2,13400,56608,1.7831,1.7831,0.0,9.69e-06
1,2,13500,56608,1.55,1.55,0.0,9.69e-06
1,2,13600,56608,1.6792,1.6792,0.0,9.68e-06
1,2,13700,56608,1.6669,1.6669,0.0,9.68e-06
1,2,13800,56608,1.8042,1.8042,0.0,9.67e-06
1,2,13900,56608,1.8041,1.8041,0.0,9.67e-06
1,2,14000,56608,1.5723,1.5723,0.0,9.66e-06
1,2,14100,56608,1.8211,1.8211,0.0,9.66e-06
1,2,14200,56608,1.6645,1.6645,0.0,9.66e-06
1,2,14300,56608,1.6968,1.6968,0.0,9.65e-06
1,2,14400,56608,1.8008,1.8008,0.0,9.65e-06
1,2,14500,56608,1.478,1.478,0.0,9.64e-06
1,2,14600,56608,1.9419,1.9419,0.0,9.64e-06
1,2,14700,56608,1.652,1.652,0.0,9.63e-06
1,2,14800,56608,1.6125,1.6125,0.0,9.63e-06
1,2,14900,56608,1.7185,1.7185,0.0,9.62e-06
1,2,15000,56608,1.5265,1.5265,0.0,9.62e-06
1,2,15100,56608,1.6659,1.6659,0.0,9.61e-06
1,2,15200,56608,1.6781,1.6781,0.0,9.61e-06
1,2,15300,56608,1.519,1.519,0.0,9.6e-06
1,2,15400,56608,1.698,1.698,0.0,9.6e-06
1,2,15500,56608,1.567,1.567,0.0,9.59e-06
1,2,15600,56608,1.5955,1.5955,0.0,9.58e-06
1,2,15700,56608,1.6871,1.6871,0.0,9.58e-06
1,2,15800,56608,1.7005,1.7005,0.0,9.57e-06
1,2,15900,56608,1.5195,1.5195,0.0,9.57e-06
1,2,16000,56608,1.6794,1.6794,0.0,9.56e-06
1,2,16100,56608,1.4114,1.4114,0.0,9.56e-06
1,2,16200,56608,1.4118,1.4118,0.0,9.55e-06
1,2,16300,56608,1.7594,1.7594,0.0,9.55e-06
1,2,16400,56608,1.5543,1.5543,0.0,9.54e-06
1,2,16500,56608,1.5736,1.5736,0.0,9.54e-06
1,2,16600,56608,1.6604,1.6604,0.0,9.53e-06
1,2,16700,56608,1.6582,1.6582,0.0,9.53e-06
1,2,16800,56608,1.8069,1.8069,0.0,9.52e-06
1,2,16900,56608,1.5997,1.5997,0.0,9.51e-06
1,2,17000,56608,1.4956,1.4956,0.0,9.51e-06
1,2,17100,56608,1.6531,1.6531,0.0,9.5e-06
1,2,17200,56608,1.6553,1.6553,0.0,9.5e-06
1,2,17300,56608,1.549,1.549,0.0,9.49e-06
1,2,17400,56608,1.4537,1.4537,0.0,9.49e-06
1,2,17500,56608,1.6798,1.6798,0.0,9.48e-06
1,2,17600,56608,1.6244,1.6244,0.0,9.47e-06
1,2,17700,56608,1.507,1.507,0.0,9.47e-06
1,2,17800,56608,1.7023,1.7023,0.0,9.46e-06
1,2,17900,56608,1.6302,1.6302,0.0,9.46e-06
1,2,18000,56608,1.612,1.612,0.0,9.45e-06
1,2,18100,56608,1.7975,1.7975,0.0,9.44e-06
1,2,18200,56608,1.6999,1.6999,0.0,9.44e-06
1,2,18300,56608,1.5884,1.5884,0.0,9.43e-06
1,2,18400,56608,1.5151,1.5151,0.0,9.43e-06
1,2,18500,56608,1.6794,1.6794,0.0,9.42e-06
1,2,18600,56608,1.6589,1.6589,0.0,9.41e-06
1,2,18700,56608,1.4713,1.4713,0.0,9.41e-06
1,2,18800,56608,1.7345,1.7345,0.0,9.4e-06
1,2,18900,56608,1.667,1.667,0.0,9.4e-06
1,2,19000,56608,1.4567,1.4567,0.0,9.39e-06
1,2,19100,56608,1.6766,1.6766,0.0,9.38e-06
1,2,19200,56608,1.5814,1.5814,0.0,9.38e-06
1,2,19300,56608,1.6965,1.6965,0.0,9.37e-06
1,2,19400,56608,1.8196,1.8196,0.0,9.36e-06
1,2,19500,56608,1.3633,1.3633,0.0,9.36e-06
1,2,19600,56608,1.6626,1.6626,0.0,9.35e-06
1,2,19700,56608,1.7947,1.7947,0.0,9.34e-06
1,2,19800,56608,1.459,1.459,0.0,9.34e-06
1,2,19900,56608,1.5789,1.5789,0.0,9.33e-06
1,2,20000,56608,1.578,1.578,0.0,9.32e-06
1,2,20100,56608,1.653,1.653,0.0,9.32e-06
1,2,20200,56608,1.781,1.781,0.0,9.31e-06
1,2,20300,56608,1.7986,1.7986,0.0,9.3e-06
1,2,20400,56608,1.524,1.524,0.0,9.3e-06
1,2,20500,56608,1.3811,1.3811,0.0,9.29e-06
1,2,20600,56608,1.6886,1.6886,0.0,9.28e-06
1,2,20700,56608,1.5592,1.5592,0.0,9.28e-06
1,2,20800,56608,1.3873,1.3873,0.0,9.27e-06
1,2,20900,56608,1.6278,1.6278,0.0,9.26e-06
1,2,21000,56608,2.0456,2.0456,0.0,9.26e-06
1,2,21100,56608,1.7352,1.7352,0.0,9.25e-06
1,2,21200,56608,1.4652,1.4652,0.0,9.24e-06
1,2,21300,56608,1.6835,1.6835,0.0,9.24e-06
1,2,21400,56608,1.679,1.679,0.0,9.23e-06
1,2,21500,56608,1.7023,1.7023,0.0,9.22e-06
1,2,21600,56608,1.6492,1.6492,0.0,9.22e-06
1,2,21700,56608,1.6144,1.6144,0.0,9.21e-06
1,2,21800,56608,1.6203,1.6203,0.0,9.2e-06
1,2,21900,56608,1.4484,1.4484,0.0,9.19e-06
1,2,22000,56608,1.6243,1.6243,0.0,9.19e-06
1,2,22100,56608,1.3815,1.3815,0.0,9.18e-06
1,2,22200,56608,1.6876,1.6876,0.0,9.17e-06
1,2,22300,56608,1.461,1.461,0.0,9.17e-06
1,2,22400,56608,1.5721,1.5721,0.0,9.16e-06
1,2,22500,56608,1.4511,1.4511,0.0,9.15e-06
1,2,22600,56608,1.7721,1.7721,0.0,9.14e-06
1,2,22700,56608,1.6651,1.6651,0.0,9.14e-06
1,2,22800,56608,1.5611,1.5611,0.0,9.13e-06
1,2,22900,56608,1.6126,1.6126,0.0,9.12e-06
1,2,23000,56608,1.6215,1.6215,0.0,9.11e-06
1,2,23100,56608,1.7114,1.7114,0.0,9.11e-06
1,2,23200,56608,1.6441,1.6441,0.0,9.1e-06
1,2,23300,56608,1.5222,1.5222,0.0,9.09e-06
1,2,23400,56608,1.4011,1.4011,0.0,9.08e-06
1,2,23500,56608,1.7284,1.7284,0.0,9.08e-06
1,2,23600,56608,1.6754,1.6754,0.0,9.07e-06
1,2,23700,56608,1.7561,1.7561,0.0,9.06e-06
1,2,23800,56608,1.7335,1.7335,0.0,9.05e-06
1,2,23900,56608,1.4179,1.4179,0.0,9.05e-06
1,2,24000,56608,1.6525,1.6525,0.0,9.04e-06
1,2,24100,56608,2.0116,2.0116,0.0,9.03e-06
1,2,24200,56608,1.5024,1.5024,0.0,9.02e-06
1,2,24300,56608,1.7686,1.7686,0.0,9.02e-06
1,2,24400,56608,1.6107,1.6107,0.0,9.01e-06
1,2,24500,56608,1.7516,1.7516,0.0,9e-06
1,2,24600,56608,1.6454,1.6454,0.0,8.99e-06
1,2,24700,56608,1.5369,1.5369,0.0,8.98e-06
1,2,24800,56608,1.5471,1.5471,0.0,8.98e-06
1,2,24900,56608,1.7329,1.7329,0.0,8.97e-06
1,2,25000,56608,1.5973,1.5973,0.0,8.96e-06
1,2,25100,56608,1.686,1.686,0.0,8.95e-06
1,2,25200,56608,1.4414,1.4414,0.0,8.94e-06
1,2,25300,56608,1.6733,1.6733,0.0,8.94e-06
1,2,25400,56608,1.548,1.548,0.0,8.93e-06
1,2,25500,56608,1.7422,1.7422,0.0,8.92e-06
1,2,25600,56608,1.7271,1.7271,0.0,8.91e-06
1,2,25700,56608,1.5886,1.5886,0.0,8.9e-06
1,2,25800,56608,1.5359,1.5359,0.0,8.9e-06
1,2,25900,56608,1.7211,1.7211,0.0,8.89e-06
1,2,26000,56608,1.7111,1.7111,0.0,8.88e-06
1,2,26100,56608,1.6065,1.6065,0.0,8.87e-06
1,2,26200,56608,1.7175,1.7175,0.0,8.86e-06
1,2,26300,56608,1.5588,1.5588,0.0,8.85e-06
1,2,26400,56608,1.3838,1.3838,0.0,8.85e-06
1,2,26500,56608,1.5685,1.5685,0.0,8.84e-06
1,2,26600,56608,1.6854,1.6854,0.0,8.83e-06
1,2,26700,56608,1.6274,1.6274,0.0,8.82e-06
1,2,26800,56608,1.4983,1.4983,0.0,8.81e-06
1,2,26900,56608,1.6481,1.6481,0.0,8.8e-06
1,2,27000,56608,1.6057,1.6057,0.0,8.8e-06
1,2,27100,56608,1.4598,1.4598,0.0,8.79e-06
1,2,27200,56608,1.7527,1.7527,0.0,8.78e-06
1,2,27300,56608,1.4556,1.4556,0.0,8.77e-06
1,2,27400,56608,1.4939,1.4939,0.0,8.76e-06
1,2,27500,56608,1.7585,1.7585,0.0,8.75e-06
1,2,27600,56608,1.4897,1.4897,0.0,8.74e-06
1,2,27700,56608,1.6787,1.6787,0.0,8.73e-06
1,2,27800,56608,1.6214,1.6214,0.0,8.73e-06
1,2,27900,56608,1.5197,1.5197,0.0,8.72e-06
1,2,28000,56608,1.5815,1.5815,0.0,8.71e-06
1,2,28100,56608,1.3294,1.3294,0.0,8.7e-06
1,2,28200,56608,1.5872,1.5872,0.0,8.69e-06
1,2,28300,56608,1.6267,1.6267,0.0,8.68e-06
1,2,28400,56608,1.5046,1.5046,0.0,8.67e-06
1,2,28500,56608,1.662,1.662,0.0,8.66e-06
1,2,28600,56608,1.5931,1.5931,0.0,8.66e-06
1,2,28700,56608,1.5815,1.5815,0.0,8.65e-06
1,2,28800,56608,1.5546,1.5546,0.0,8.64e-06
1,2,28900,56608,1.5281,1.5281,0.0,8.63e-06
1,2,29000,56608,1.6148,1.6148,0.0,8.62e-06
1,2,29100,56608,1.6709,1.6709,0.0,8.61e-06
1,2,29200,56608,1.6317,1.6317,0.0,8.6e-06
1,2,29300,56608,1.6101,1.6101,0.0,8.59e-06
1,2,29400,56608,1.6067,1.6067,0.0,8.58e-06
1,2,29500,56608,1.5593,1.5593,0.0,8.57e-06
1,2,29600,56608,1.6085,1.6085,0.0,8.57e-06
1,2,29700,56608,1.5561,1.5561,0.0,8.56e-06
1,2,29800,56608,1.4393,1.4393,0.0,8.55e-06
1,2,29900,56608,1.682,1.682,0.0,8.54e-06
1,2,30000,56608,1.6451,1.6451,0.0,8.53e-06
1,2,30100,56608,1.4842,1.4842,0.0,8.52e-06
1,2,30200,56608,1.5483,1.5483,0.0,8.51e-06
1,2,30300,56608,1.6223,1.6223,0.0,8.5e-06
1,2,30400,56608,1.6177,1.6177,0.0,8.49e-06
1,2,30500,56608,1.412,1.412,0.0,8.48e-06
1,2,30600,56608,1.3412,1.3412,0.0,8.47e-06
1,2,30700,56608,1.6626,1.6626,0.0,8.46e-06
1,2,30800,56608,1.3582,1.3582,0.0,8.45e-06
1,2,30900,56608,1.6442,1.6442,0.0,8.44e-06
1,2,31000,56608,1.6328,1.6328,0.0,8.44e-06
1,2,31100,56608,1.5923,1.5923,0.0,8.43e-06
1,2,31200,56608,1.6499,1.6499,0.0,8.42e-06
1,2,31300,56608,1.7108,1.7108,0.0,8.41e-06
1,2,31400,56608,1.5848,1.5848,0.0,8.4e-06
1,2,31500,56608,1.7742,1.7742,0.0,8.39e-06
1,2,31600,56608,1.6222,1.6222,0.0,8.38e-06
1,2,31700,56608,1.4312,1.4312,0.0,8.37e-06
1,2,31800,56608,1.4358,1.4358,0.0,8.36e-06
1,2,31900,56608,1.6581,1.6581,0.0,8.35e-06
1,2,32000,56608,1.6214,1.6214,0.0,8.34e-06
1,2,32100,56608,1.4209,1.4209,0.0,8.33e-06
1,2,32200,56608,1.6247,1.6247,0.0,8.32e-06
1,2,32300,56608,1.706,1.706,0.0,8.31e-06
1,2,32400,56608,1.6108,1.6108,0.0,8.3e-06
1,2,32500,56608,1.5276,1.5276,0.0,8.29e-06
1,2,32600,56608,1.665,1.665,0.0,8.28e-06
1,2,32700,56608,1.7702,1.7702,0.0,8.27e-06
1,2,32800,56608,1.5204,1.5204,0.0,8.26e-06
1,2,32900,56608,1.6414,1.6414,0.0,8.25e-06
1,2,33000,56608,1.6473,1.6473,0.0,8.24e-06
1,2,33100,56608,1.4286,1.4286,0.0,8.23e-06
1,2,33200,56608,1.5186,1.5186,0.0,8.22e-06
1,2,33300,56608,1.5467,1.5467,0.0,8.21e-06
1,2,33400,56608,1.3883,1.3883,0.0,8.2e-06
1,2,33500,56608,1.5967,1.5967,0.0,8.19e-06
1,2,33600,56608,1.7199,1.7199,0.0,8.18e-06
1,2,33700,56608,1.8001,1.8001,0.0,8.17e-06
1,2,33800,56608,1.4665,1.4665,0.0,8.16e-06
1,2,33900,56608,1.6252,1.6252,0.0,8.15e-06
1,2,34000,56608,1.4155,1.4155,0.0,8.14e-06
1,2,34100,56608,1.4812,1.4812,0.0,8.13e-06
1,2,34200,56608,1.7356,1.7356,0.0,8.12e-06
1,2,34300,56608,1.6516,1.6516,0.0,8.11e-06
1,2,34400,56608,1.6413,1.6413,0.0,8.1e-06
1,2,34500,56608,1.8372,1.8372,0.0,8.09e-06
1,2,34600,56608,1.6105,1.6105,0.0,8.08e-06
1,2,34700,56608,1.6145,1.6145,0.0,8.07e-06
1,2,34800,56608,1.8977,1.8977,0.0,8.06e-06
1,2,34900,56608,1.5725,1.5725,0.0,8.05e-06
1,2,35000,56608,1.5444,1.5444,0.0,8.04e-06
1,2,35100,56608,1.5305,1.5305,0.0,8.03e-06
1,2,35200,56608,1.6149,1.6149,0.0,8.02e-06
1,2,35300,56608,1.4113,1.4113,0.0,8.01e-06
1,2,35400,56608,1.3694,1.3694,0.0,8e-06
1,2,35500,56608,1.5069,1.5069,0.0,7.99e-06
1,2,35600,56608,1.5593,1.5593,0.0,7.98e-06
1,2,35700,56608,1.6061,1.6061,0.0,7.97e-06
1,2,35800,56608,1.5368,1.5368,0.0,7.96e-06
1,2,35900,56608,1.6574,1.6574,0.0,7.95e-06
1,2,36000,56608,1.6526,1.6526,0.0,7.94e-06
1,2,36100,56608,1.7572,1.7572,0.0,7.92e-06
1,2,36200,56608,1.5725,1.5725,0.0,7.91e-06
1,2,36300,56608,1.6621,1.6621,0.0,7.9e-06
1,2,36400,56608,1.5497,1.5497,0.0,7.89e-06
1,2,36500,56608,1.3345,1.3345,0.0,7.88e-06
1,2,36600,56608,1.5623,1.5623,0.0,7.87e-06
1,2,36700,56608,1.5069,1.5069,0.0,7.86e-06
1,2,36800,56608,1.4122,1.4122,0.0,7.85e-06
1,2,36900,56608,1.4226,1.4226,0.0,7.84e-06
1,2,37000,56608,1.3504,1.3504,0.0,7.83e-06
1,2,37100,56608,1.8186,1.8186,0.0,7.82e-06
1,2,37200,56608,1.6791,1.6791,0.0,7.81e-06
1,2,37300,56608,1.8338,1.8338,0.0,7.8e-06
1,2,37400,56608,1.6148,1.6148,0.0,7.79e-06
1,2,37500,56608,1.8029,1.8029,0.0,7.78e-06
1,2,37600,56608,1.509,1.509,0.0,7.76e-06
1,2,37700,56608,1.5798,1.5798,0.0,7.75e-06
1,2,37800,56608,1.6667,1.6667,0.0,7.74e-06
1,2,37900,56608,1.6419,1.6419,0.0,7.73e-06
1,2,38000,56608,1.5243,1.5243,0.0,7.72e-06
1,2,38100,56608,1.587,1.587,0.0,7.71e-06
1,2,38200,56608,1.3954,1.3954,0.0,7.7e-06
1,2,38300,56608,1.4895,1.4895,0.0,7.69e-06
1,2,38400,56608,1.3957,1.3957,0.0,7.68e-06
1,2,38500,56608,1.6137,1.6137,0.0,7.67e-06
1,2,38600,56608,1.6111,1.6111,0.0,7.66e-06
1,2,38700,56608,1.8304,1.8304,0.0,7.65e-06
1,2,38800,56608,1.4378,1.4378,0.0,7.63e-06
1,2,38900,56608,1.5872,1.5872,0.0,7.62e-06
1,2,39000,56608,1.6465,1.6465,0.0,7.61e-06
1,2,39100,56608,1.6282,1.6282,0.0,7.6e-06
1,2,39200,56608,1.5759,1.5759,0.0,7.59e-06
1,2,39300,56608,1.4968,1.4968,0.0,7.58e-06
1,2,39400,56608,1.6344,1.6344,0.0,7.57e-06
1,2,39500,56608,1.4539,1.4539,0.0,7.56e-06
1,2,39600,56608,1.5999,1.5999,0.0,7.55e-06
1,2,39700,56608,1.8514,1.8514,0.0,7.53e-06
1,2,39800,56608,1.5844,1.5844,0.0,7.52e-06
1,2,39900,56608,1.745,1.745,0.0,7.51e-06
1,2,40000,56608,1.6141,1.6141,0.0,7.5e-06
1,2,40100,56608,1.7813,1.7813,0.0,7.49e-06
1,2,40200,56608,1.6483,1.6483,0.0,7.48e-06
1,2,40300,56608,1.4854,1.4854,0.0,7.47e-06
1,2,40400,56608,1.4968,1.4968,0.0,7.46e-06
1,2,40500,56608,1.6261,1.6261,0.0,7.45e-06
1,2,40600,56608,1.5981,1.5981,0.0,7.43e-06
1,2,40700,56608,1.4871,1.4871,0.0,7.42e-06
1,2,40800,56608,1.5928,1.5928,0.0,7.41e-06
1,2,40900,56608,1.7012,1.7012,0.0,7.4e-06
1,2,41000,56608,1.4074,1.4074,0.0,7.39e-06
1,2,41100,56608,1.4943,1.4943,0.0,7.38e-06
1,2,41200,56608,1.4699,1.4699,0.0,7.37e-06
1,2,41300,56608,1.786,1.786,0.0,7.35e-06
1,2,41400,56608,1.5225,1.5225,0.0,7.34e-06
1,2,41500,56608,1.6852,1.6852,0.0,7.33e-06
1,2,41600,56608,1.7133,1.7133,0.0,7.32e-06
1,2,41700,56608,1.4721,1.4721,0.0,7.31e-06
1,2,41800,56608,1.6027,1.6027,0.0,7.3e-06
1,2,41900,56608,1.6455,1.6455,0.0,7.29e-06
1,2,42000,56608,1.5029,1.5029,0.0,7.27e-06
1,2,42100,56608,1.3683,1.3683,0.0,7.26e-06
1,2,42200,56608,1.6641,1.6641,0.0,7.25e-06
1,2,42300,56608,1.7115,1.7115,0.0,7.24e-06
1,2,42400,56608,1.5611,1.5611,0.0,7.23e-06
1,2,42500,56608,1.677,1.677,0.0,7.22e-06
1,2,42600,56608,1.6431,1.6431,0.0,7.21e-06
1,2,42700,56608,1.6669,1.6669,0.0,7.19e-06
1,2,42800,56608,1.6197,1.6197,0.0,7.18e-06
1,2,42900,56608,1.7203,1.7203,0.0,7.17e-06
1,2,43000,56608,1.6568,1.6568,0.0,7.16e-06
1,2,43100,56608,1.4856,1.4856,0.0,7.15e-06
1,2,43200,56608,1.5866,1.5866,0.0,7.14e-06
1,2,43300,56608,1.4798,1.4798,0.0,7.12e-06
1,2,43400,56608,1.6546,1.6546,0.0,7.11e-06
1,2,43500,56608,1.5244,1.5244,0.0,7.1e-06
1,2,43600,56608,1.7425,1.7425,0.0,7.09e-06
1,2,43700,56608,1.4818,1.4818,0.0,7.08e-06
1,2,43800,56608,1.6785,1.6785,0.0,7.07e-06
1,2,43900,56608,1.4568,1.4568,0.0,7.05e-06
1,2,44000,56608,1.8947,1.8947,0.0,7.04e-06
1,2,44100,56608,1.443,1.443,0.0,7.03e-06
1,2,44200,56608,1.6058,1.6058,0.0,7.02e-06
1,2,44300,56608,1.6902,1.6902,0.0,7.01e-06
1,2,44400,56608,1.5259,1.5259,0.0,7e-06
1,2,44500,56608,1.4923,1.4923,0.0,6.98e-06
1,2,44600,56608,1.6867,1.6867,0.0,6.97e-06
1,2,44700,56608,1.5612,1.5612,0.0,6.96e-06
1,2,44800,56608,1.4354,1.4354,0.0,6.95e-06
1,2,44900,56608,1.3799,1.3799,0.0,6.94e-06
1,2,45000,56608,1.3698,1.3698,0.0,6.92e-06
1,2,45100,56608,1.3973,1.3973,0.0,6.91e-06
1,2,45200,56608,1.6634,1.6634,0.0,6.9e-06
1,2,45300,56608,1.3553,1.3553,0.0,6.89e-06
1,2,45400,56608,1.6493,1.6493,0.0,6.88e-06
1,2,45500,56608,1.5649,1.5649,0.0,6.87e-06
1,2,45600,56608,1.7595,1.7595,0.0,6.85e-06
1,2,45700,56608,1.757,1.757,0.0,6.84e-06
1,2,45800,56608,1.5744,1.5744,0.0,6.83e-06
1,2,45900,56608,1.3434,1.3434,0.0,6.82e-06
1,2,46000,56608,1.6247,1.6247,0.0,6.81e-06
1,2,46100,56608,1.5982,1.5982,0.0,6.79e-06
1,2,46200,56608,1.5284,1.5284,0.0,6.78e-06
1,2,46300,56608,1.6521,1.6521,0.0,6.77e-06
1,2,46400,56608,1.495,1.495,0.0,6.76e-06
1,2,46500,56608,1.3267,1.3267,0.0,6.75e-06
1,2,46600,56608,1.5917,1.5917,0.0,6.73e-06
1,2,46700,56608,1.5569,1.5569,0.0,6.72e-06
1,2,46800,56608,1.4694,1.4694,0.0,6.71e-06
1,2,46900,56608,1.6368,1.6368,0.0,6.7e-06
1,2,47000,56608,1.6339,1.6339,0.0,6.69e-06
1,2,47100,56608,1.7863,1.7863,0.0,6.67e-06
1,2,47200,56608,1.4645,1.4645,0.0,6.66e-06
1,2,47300,56608,1.5793,1.5793,0.0,6.65e-06
1,2,47400,56608,1.7113,1.7113,0.0,6.64e-06
1,2,47500,56608,1.6485,1.6485,0.0,6.63e-06
1,2,47600,56608,1.4081,1.4081,0.0,6.61e-06
1,2,47700,56608,1.4608,1.4608,0.0,6.6e-06
1,2,47800,56608,1.4591,1.4591,0.0,6.59e-06
1,2,47900,56608,1.4693,1.4693,0.0,6.58e-06
1,2,48000,56608,1.6017,1.6017,0.0,6.56e-06
1,2,48100,56608,1.5028,1.5028,0.0,6.55e-06
1,2,48200,56608,1.699,1.699,0.0,6.54e-06
1,2,48300,56608,1.5058,1.5058,0.0,6.53e-06
1,2,48400,56608,1.5916,1.5916,0.0,6.52e-06
1,2,48500,56608,1.3392,1.3392,0.0,6.5e-06
1,2,48600,56608,1.4216,1.4216,0.0,6.49e-06
1,2,48700,56608,1.2873,1.2873,0.0,6.48e-06
1,2,48800,56608,1.5649,1.5649,0.0,6.47e-06
1,2,48900,56608,1.4485,1.4485,0.0,6.46e-06
1,2,49000,56608,1.4855,1.4855,0.0,6.44e-06
1,2,49100,56608,1.7138,1.7138,0.0,6.43e-06
1,2,49200,56608,1.5735,1.5735,0.0,6.42e-06
1,2,49300,56608,1.5782,1.5782,0.0,6.41e-06
1,2,49400,56608,1.6181,1.6181,0.0,6.39e-06
1,2,49500,56608,1.5455,1.5455,0.0,6.38e-06
1,2,49600,56608,1.6982,1.6982,0.0,6.37e-06
1,2,49700,56608,1.4637,1.4637,0.0,6.36e-06
1,2,49800,56608,1.6282,1.6282,0.0,6.35e-06
1,2,49900,56608,1.4599,1.4599,0.0,6.33e-06
1,2,50000,56608,1.4974,1.4974,0.0,6.32e-06
1,2,50100,56608,1.5695,1.5695,0.0,6.31e-06
1,2,50200,56608,1.5685,1.5685,0.0,6.3e-06
1,2,50300,56608,1.3422,1.3422,0.0,6.28e-06
1,2,50400,56608,1.6297,1.6297,0.0,6.27e-06
1,2,50500,56608,1.5669,1.5669,0.0,6.26e-06
1,2,50600,56608,1.4447,1.4447,0.0,6.25e-06
1,2,50700,56608,1.647,1.647,0.0,6.23e-06
1,2,50800,56608,1.5103,1.5103,0.0,6.22e-06
1,2,50900,56608,1.4976,1.4976,0.0,6.21e-06
1,2,51000,56608,1.4538,1.4538,0.0,6.2e-06
1,2,51100,56608,1.6567,1.6567,0.0,6.19e-06
1,2,51200,56608,1.5239,1.5239,0.0,6.17e-06
1,2,51300,56608,1.4791,1.4791,0.0,6.16e-06
1,2,51400,56608,1.5869,1.5869,0.0,6.15e-06
1,2,51500,56608,1.4508,1.4508,0.0,6.14e-06
1,2,51600,56608,1.3127,1.3127,0.0,6.12e-06
1,2,51700,56608,1.3644,1.3644,0.0,6.11e-06
1,2,51800,56608,1.5295,1.5295,0.0,6.1e-06
1,2,51900,56608,1.5902,1.5902,0.0,6.09e-06
1,2,52000,56608,1.5379,1.5379,0.0,6.07e-06
1,2,52100,56608,1.3398,1.3398,0.0,6.06e-06
1,2,52200,56608,1.4571,1.4571,0.0,6.05e-06
1,2,52300,56608,1.6232,1.6232,0.0,6.04e-06
1,2,52400,56608,1.5069,1.5069,0.0,6.02e-06
1,2,52500,56608,1.5156,1.5156,0.0,6.01e-06
1,2,52600,56608,1.3634,1.3634,0.0,6e-06
1,2,52700,56608,1.6122,1.6122,0.0,5.99e-06
1,2,52800,56608,1.7095,1.7095,0.0,5.97e-06
1,2,52900,56608,1.6433,1.6433,0.0,5.96e-06
1,2,53000,56608,1.7193,1.7193,0.0,5.95e-06
1,2,53100,56608,1.5209,1.5209,0.0,5.94e-06
1,2,53200,56608,1.6402,1.6402,0.0,5.92e-06
1,2,53300,56608,1.5563,1.5563,0.0,5.91e-06
1,2,53400,56608,1.457,1.457,0.0,5.9e-06
1,2,53500,56608,1.537,1.537,0.0,5.89e-06
1,2,53600,56608,1.5277,1.5277,0.0,5.88e-06
1,2,53700,56608,1.4821,1.4821,0.0,5.86e-06
1,2,53800,56608,1.3786,1.3786,0.0,5.85e-06
1,2,53900,56608,1.4577,1.4577,0.0,5.84e-06
1,2,54000,56608,1.5678,1.5678,0.0,5.83e-06
1,2,54100,56608,1.4386,1.4386,0.0,5.81e-06
1,2,54200,56608,1.629,1.629,0.0,5.8e-06
1,2,54300,56608,1.4701,1.4701,0.0,5.79e-06
1,2,54400,56608,1.5126,1.5126,0.0,5.78e-06
1,2,54500,56608,1.4781,1.4781,0.0,5.76e-06
1,2,54600,56608,1.4513,1.4513,0.0,5.75e-06
1,2,54700,56608,1.4113,1.4113,0.0,5.74e-06
1,2,54800,56608,1.7629,1.7629,0.0,5.73e-06
1,2,54900,56608,1.5206,1.5206,0.0,5.71e-06
1,2,55000,56608,1.4764,1.4764,0.0,5.7e-06
1,2,55100,56608,1.3984,1.3984,0.0,5.69e-06
1,2,55200,56608,1.5329,1.5329,0.0,5.68e-06
1,2,55300,56608,1.4831,1.4831,0.0,5.66e-06
1,2,55400,56608,1.413,1.413,0.0,5.65e-06
1,2,55500,56608,1.6957,1.6957,0.0,5.64e-06
1,2,55600,56608,1.5743,1.5743,0.0,5.63e-06
1,2,55700,56608,1.4434,1.4434,0.0,5.61e-06
1,2,55800,56608,1.5399,1.5399,0.0,5.6e-06
1,2,55900,56608,1.5522,1.5522,0.0,5.59e-06
1,2,56000,56608,1.7527,1.7527,0.0,5.58e-06
1,2,56100,56608,1.5797,1.5797,0.0,5.56e-06
1,2,56200,56608,1.5124,1.5124,0.0,5.55e-06
1,2,56300,56608,1.5985,1.5985,0.0,5.54e-06
1,2,56400,56608,1.5339,1.5339,0.0,5.53e-06
1,2,56500,56608,1.4049,1.4049,0.0,5.51e-06
1,2,56600,56608,1.6996,1.6996,0.0,5.5e-06
1,2,56608,56608,1.5518,1.5518,0.0,5.5e-06
2,2,100,56608,1.3971,1.3971,0.0,5.49e-06
2,2,200,56608,1.4321,1.4321,0.0,5.48e-06
2,2,300,56608,1.314,1.314,0.0,5.46e-06
2,2,400,56608,1.5856,1.5856,0.0,5.45e-06
2,2,500,56608,1.588,1.588,0.0,5.44e-06
2,2,600,56608,1.5159,1.5159,0.0,5.43e-06
2,2,700,56608,1.5163,1.5163,0.0,5.41e-06
2,2,800,56608,1.3613,1.3613,0.0,5.4e-06
2,2,900,56608,1.6262,1.6262,0.0,5.39e-06
2,2,1000,56608,1.4425,1.4425,0.0,5.38e-06
2,2,1100,56608,1.5441,1.5441,0.0,5.36e-06
2,2,1200,56608,1.6401,1.6401,0.0,5.35e-06
2,2,1300,56608,1.4451,1.4451,0.0,5.34e-06
2,2,1400,56608,1.4435,1.4435,0.0,5.33e-06
2,2,1500,56608,1.3833,1.3833,0.0,5.31e-06
2,2,1600,56608,1.4154,1.4154,0.0,5.3e-06
2,2,1700,56608,1.4035,1.4035,0.0,5.29e-06
2,2,1800,56608,1.4005,1.4005,0.0,5.28e-06
2,2,1900,56608,1.345,1.345,0.0,5.26e-06
2,2,2000,56608,1.7587,1.7587,0.0,5.25e-06
2,2,2100,56608,1.579,1.579,0.0,5.24e-06
2,2,2200,56608,1.6436,1.6436,0.0,5.23e-06
2,2,2300,56608,1.4879,1.4879,0.0,5.21e-06
2,2,2400,56608,1.4162,1.4162,0.0,5.2e-06
2,2,2500,56608,1.5378,1.5378,0.0,5.19e-06
2,2,2600,56608,1.6241,1.6241,0.0,5.18e-06
2,2,2700,56608,1.4649,1.4649,0.0,5.16e-06
2,2,2800,56608,1.5878,1.5878,0.0,5.15e-06
2,2,2900,56608,1.3433,1.3433,0.0,5.14e-06
2,2,3000,56608,1.372,1.372,0.0,5.13e-06
2,2,3100,56608,1.5028,1.5028,0.0,5.11e-06
2,2,3200,56608,1.4846,1.4846,0.0,5.1e-06
2,2,3300,56608,1.6454,1.6454,0.0,5.09e-06
2,2,3400,56608,1.5091,1.5091,0.0,5.08e-06
2,2,3500,56608,1.5335,1.5335,0.0,5.06e-06
2,2,3600,56608,1.5866,1.5866,0.0,5.05e-06
2,2,3700,56608,1.3893,1.3893,0.0,5.04e-06
2,2,3800,56608,1.429,1.429,0.0,5.03e-06
2,2,3900,56608,1.5273,1.5273,0.0,5.01e-06
2,2,4000,56608,1.5317,1.5317,0.0,5e-06
2,2,4100,56608,1.4701,1.4701,0.0,4.99e-06
2,2,4200,56608,1.6597,1.6597,0.0,4.98e-06
2,2,4300,56608,1.3195,1.3195,0.0,4.96e-06
2,2,4400,56608,1.4047,1.4047,0.0,4.95e-06
2,2,4500,56608,1.3362,1.3362,0.0,4.94e-06
2,2,4600,56608,1.671,1.671,0.0,4.93e-06
2,2,4700,56608,1.4863,1.4863,0.0,4.91e-06
2,2,4800,56608,1.6554,1.6554,0.0,4.9e-06
2,2,4900,56608,1.0141,1.0141,0.0,4.89e-06
2,2,5000,56608,1.2909,1.2909,0.0,4.88e-06
2,2,5100,56608,1.4938,1.4938,0.0,4.87e-06
2,2,5200,56608,1.3451,1.3451,0.0,4.85e-06
2,2,5300,56608,1.4994,1.4994,0.0,4.84e-06
2,2,5400,56608,1.5038,1.5038,0.0,4.83e-06
2,2,5500,56608,1.402,1.402,0.0,4.82e-06
2,2,5600,56608,1.5072,1.5072,0.0,4.8e-06
2,2,5700,56608,1.6212,1.6212,0.0,4.79e-06
2,2,5800,56608,1.5071,1.5071,0.0,4.78e-06
2,2,5900,56608,1.5379,1.5379,0.0,4.77e-06
2,2,6000,56608,1.6353,1.6353,0.0,4.75e-06
2,2,6100,56608,1.5014,1.5014,0.0,4.74e-06
2,2,6200,56608,1.4986,1.4986,0.0,4.73e-06
2,2,6300,56608,1.4776,1.4776,0.0,4.72e-06
2,2,6400,56608,1.5018,1.5018,0.0,4.71e-06
2,2,6500,56608,1.5205,1.5205,0.0,4.69e-06
2,2,6600,56608,1.4475,1.4475,0.0,4.68e-06
2,2,6700,56608,1.7954,1.7954,0.0,4.67e-06
2,2,6800,56608,1.5846,1.5846,0.0,4.66e-06
2,2,6900,56608,1.3618,1.3618,0.0,4.64e-06
2,2,7000,56608,1.5981,1.5981,0.0,4.63e-06
2,2,7100,56608,1.4139,1.4139,0.0,4.62e-06
2,2,7200,56608,1.4407,1.4407,0.0,4.61e-06
2,2,7300,56608,1.5063,1.5063,0.0,4.59e-06
2,2,7400,56608,1.2629,1.2629,0.0,4.58e-06
2,2,7500,56608,1.3907,1.3907,0.0,4.57e-06
2,2,7600,56608,1.3579,1.3579,0.0,4.56e-06
2,2,7700,56608,1.7096,1.7096,0.0,4.55e-06
2,2,7800,56608,1.3154,1.3154,0.0,4.53e-06
2,2,7900,56608,1.5763,1.5763,0.0,4.52e-06
2,2,8000,56608,1.3638,1.3638,0.0,4.51e-06
2,2,8100,56608,1.432,1.432,0.0,4.5e-06
2,2,8200,56608,1.5726,1.5726,0.0,4.48e-06
2,2,8300,56608,1.5269,1.5269,0.0,4.47e-06
2,2,8400,56608,1.555,1.555,0.0,4.46e-06
2,2,8500,56608,1.4807,1.4807,0.0,4.45e-06
2,2,8600,56608,1.6169,1.6169,0.0,4.44e-06
2,2,8700,56608,1.5633,1.5633,0.0,4.42e-06
2,2,8800,56608,1.5769,1.5769,0.0,4.41e-06
2,2,8900,56608,1.5164,1.5164,0.0,4.4e-06
2,2,9000,56608,1.6637,1.6637,0.0,4.39e-06
2,2,9100,56608,1.471,1.471,0.0,4.38e-06
2,2,9200,56608,1.5313,1.5313,0.0,4.36e-06
2,2,9300,56608,1.6844,1.6844,0.0,4.35e-06
2,2,9400,56608,1.5308,1.5308,0.0,4.34e-06
2,2,9500,56608,1.3959,1.3959,0.0,4.33e-06
2,2,9600,56608,1.343,1.343,0.0,4.32e-06
2,2,9700,56608,1.4008,1.4008,0.0,4.3e-06
2,2,9800,56608,1.6167,1.6167,0.0,4.29e-06
2,2,9900,56608,1.6191,1.6191,0.0,4.28e-06
2,2,10000,56608,1.448,1.448,0.0,4.27e-06
2,2,10100,56608,1.4126,1.4126,0.0,4.26e-06
2,2,10200,56608,1.5437,1.5437,0.0,4.24e-06
2,2,10300,56608,1.1661,1.1661,0.0,4.23e-06
2,2,10400,56608,1.5663,1.5663,0.0,4.22e-06
2,2,10500,56608,1.6335,1.6335,0.0,4.21e-06
2,2,10600,56608,1.443,1.443,0.0,4.2e-06
2,2,10700,56608,1.3736,1.3736,0.0,4.18e-06
2,2,10800,56608,1.6367,1.6367,0.0,4.17e-06
2,2,10900,56608,1.6758,1.6758,0.0,4.16e-06
2,2,11000,56608,1.5648,1.5648,0.0,4.15e-06
2,2,11100,56608,1.4186,1.4186,0.0,4.14e-06
2,2,11200,56608,1.5652,1.5652,0.0,4.12e-06
2,2,11300,56608,1.4676,1.4676,0.0,4.11e-06
2,2,11400,56608,1.5025,1.5025,0.0,4.1e-06
2,2,11500,56608,1.645,1.645,0.0,4.09e-06
2,2,11600,56608,1.5192,1.5192,0.0,4.08e-06
2,2,11700,56608,1.4013,1.4013,0.0,4.06e-06
2,2,11800,56608,1.7112,1.7112,0.0,4.05e-06
2,2,11900,56608,1.4081,1.4081,0.0,4.04e-06
2,2,12000,56608,1.6763,1.6763,0.0,4.03e-06
2,2,12100,56608,1.5869,1.5869,0.0,4.02e-06
2,2,12200,56608,1.5217,1.5217,0.0,4.01e-06
2,2,12300,56608,1.2637,1.2637,0.0,3.99e-06
2,2,12400,56608,1.6807,1.6807,0.0,3.98e-06
2,2,12500,56608,1.5469,1.5469,0.0,3.97e-06
2,2,12600,56608,1.5609,1.5609,0.0,3.96e-06
2,2,12700,56608,1.4891,1.4891,0.0,3.95e-06
2,2,12800,56608,1.671,1.671,0.0,3.94e-06
2,2,12900,56608,1.6794,1.6794,0.0,3.92e-06
2,2,13000,56608,1.4375,1.4375,0.0,3.91e-06
2,2,13100,56608,1.6849,1.6849,0.0,3.9e-06
2,2,13200,56608,1.2804,1.2804,0.0,3.89e-06
2,2,13300,56608,1.44,1.44,0.0,3.88e-06
2,2,13400,56608,1.5303,1.5303,0.0,3.87e-06
2,2,13500,56608,1.6434,1.6434,0.0,3.85e-06
2,2,13600,56608,1.4763,1.4763,0.0,3.84e-06
2,2,13700,56608,1.4468,1.4468,0.0,3.83e-06
2,2,13800,56608,1.4768,1.4768,0.0,3.82e-06
2,2,13900,56608,1.7936,1.7936,0.0,3.81e-06
2,2,14000,56608,1.4996,1.4996,0.0,3.8e-06
2,2,14100,56608,1.4668,1.4668,0.0,3.78e-06
2,2,14200,56608,1.5868,1.5868,0.0,3.77e-06
2,2,14300,56608,1.5059,1.5059,0.0,3.76e-06
2,2,14400,56608,1.5881,1.5881,0.0,3.75e-06
2,2,14500,56608,1.4334,1.4334,0.0,3.74e-06
2,2,14600,56608,1.4146,1.4146,0.0,3.73e-06
2,2,14700,56608,1.5022,1.5022,0.0,3.71e-06
2,2,14800,56608,1.5116,1.5116,0.0,3.7e-06
2,2,14900,56608,1.5181,1.5181,0.0,3.69e-06
2,2,15000,56608,1.5358,1.5358,0.0,3.68e-06
2,2,15100,56608,1.2862,1.2862,0.0,3.67e-06
2,2,15200,56608,1.7304,1.7304,0.0,3.66e-06
2,2,15300,56608,1.2646,1.2646,0.0,3.65e-06
2,2,15400,56608,1.3427,1.3427,0.0,3.64e-06
2,2,15500,56608,1.4464,1.4464,0.0,3.62e-06
2,2,15600,56608,1.4442,1.4442,0.0,3.61e-06
2,2,15700,56608,1.3792,1.3792,0.0,3.6e-06
2,2,15800,56608,1.281,1.281,0.0,3.59e-06
2,2,15900,56608,1.3905,1.3905,0.0,3.58e-06
2,2,16000,56608,1.5193,1.5193,0.0,3.57e-06
2,2,16100,56608,1.3911,1.3911,0.0,3.56e-06
2,2,16200,56608,1.2258,1.2258,0.0,3.54e-06
2,2,16300,56608,1.4962,1.4962,0.0,3.53e-06
2,2,16400,56608,1.3694,1.3694,0.0,3.52e-06
2,2,16500,56608,1.4621,1.4621,0.0,3.51e-06
2,2,16600,56608,1.2576,1.2576,0.0,3.5e-06
2,2,16700,56608,1.6926,1.6926,0.0,3.49e-06
2,2,16800,56608,1.4528,1.4528,0.0,3.48e-06
2,2,16900,56608,1.3976,1.3976,0.0,3.47e-06
2,2,17000,56608,1.3089,1.3089,0.0,3.46e-06
2,2,17100,56608,1.3572,1.3572,0.0,3.44e-06
2,2,17200,56608,1.4912,1.4912,0.0,3.43e-06
2,2,17300,56608,1.3081,1.3081,0.0,3.42e-06
2,2,17400,56608,1.4817,1.4817,0.0,3.41e-06
2,2,17500,56608,1.352,1.352,0.0,3.4e-06
2,2,17600,56608,1.4556,1.4556,0.0,3.39e-06
2,2,17700,56608,1.3746,1.3746,0.0,3.38e-06
2,2,17800,56608,1.5225,1.5225,0.0,3.37e-06
2,2,17900,56608,1.6614,1.6614,0.0,3.36e-06
2,2,18000,56608,1.5997,1.5997,0.0,3.34e-06
2,2,18100,56608,1.5711,1.5711,0.0,3.33e-06
2,2,18200,56608,1.5919,1.5919,0.0,3.32e-06
2,2,18300,56608,1.55,1.55,0.0,3.31e-06
2,2,18400,56608,1.2945,1.2945,0.0,3.3e-06
2,2,18500,56608,1.5499,1.5499,0.0,3.29e-06
2,2,18600,56608,1.5336,1.5336,0.0,3.28e-06
2,2,18700,56608,1.4195,1.4195,0.0,3.27e-06
2,2,18800,56608,1.6509,1.6509,0.0,3.26e-06
2,2,18900,56608,1.5051,1.5051,0.0,3.25e-06
2,2,19000,56608,1.3548,1.3548,0.0,3.24e-06
2,2,19100,56608,1.5171,1.5171,0.0,3.23e-06
2,2,19200,56608,1.4082,1.4082,0.0,3.21e-06
2,2,19300,56608,1.475,1.475,0.0,3.2e-06
2,2,19400,56608,1.3712,1.3712,0.0,3.19e-06
2,2,19500,56608,1.5287,1.5287,0.0,3.18e-06
2,2,19600,56608,1.5588,1.5588,0.0,3.17e-06
2,2,19700,56608,1.4725,1.4725,0.0,3.16e-06
2,2,19800,56608,1.3592,1.3592,0.0,3.15e-06
2,2,19900,56608,1.5183,1.5183,0.0,3.14e-06
2,2,20000,56608,1.3595,1.3595,0.0,3.13e-06
2,2,20100,56608,1.4475,1.4475,0.0,3.12e-06
2,2,20200,56608,1.459,1.459,0.0,3.11e-06
2,2,20300,56608,1.5507,1.5507,0.0,3.1e-06
2,2,20400,56608,1.6469,1.6469,0.0,3.09e-06
2,2,20500,56608,1.6008,1.6008,0.0,3.08e-06
2,2,20600,56608,1.3893,1.3893,0.0,3.07e-06
2,2,20700,56608,1.3486,1.3486,0.0,3.06e-06
2,2,20800,56608,1.2559,1.2559,0.0,3.04e-06
2,2,20900,56608,1.4756,1.4756,0.0,3.03e-06
2,2,21000,56608,1.4001,1.4001,0.0,3.02e-06
2,2,21100,56608,1.533,1.533,0.0,3.01e-06
2,2,21200,56608,1.641,1.641,0.0,3e-06
2,2,21300,56608,1.3636,1.3636,0.0,2.99e-06
2,2,21400,56608,1.3533,1.3533,0.0,2.98e-06
2,2,21500,56608,1.5141,1.5141,0.0,2.97e-06
2,2,21600,56608,1.3202,1.3202,0.0,2.96e-06
2,2,21700,56608,1.6091,1.6091,0.0,2.95e-06
2,2,21800,56608,1.54,1.54,0.0,2.94e-06
2,2,21900,56608,1.5537,1.5537,0.0,2.93e-06
2,2,22000,56608,1.51,1.51,0.0,2.92e-06
2,2,22100,56608,1.4806,1.4806,0.0,2.91e-06
2,2,22200,56608,1.3963,1.3963,0.0,2.9e-06
2,2,22300,56608,1.5473,1.5473,0.0,2.89e-06
2,2,22400,56608,1.3773,1.3773,0.0,2.88e-06
2,2,22500,56608,1.3227,1.3227,0.0,2.87e-06
2,2,22600,56608,1.4205,1.4205,0.0,2.86e-06
2,2,22700,56608,1.3847,1.3847,0.0,2.85e-06
2,2,22800,56608,1.322,1.322,0.0,2.84e-06
2,2,22900,56608,1.6924,1.6924,0.0,2.83e-06
2,2,23000,56608,1.5558,1.5558,0.0,2.82e-06
2,2,23100,56608,1.4361,1.4361,0.0,2.81e-06
2,2,23200,56608,1.5729,1.5729,0.0,2.8e-06
2,2,23300,56608,1.4142,1.4142,0.0,2.79e-06
2,2,23400,56608,1.4915,1.4915,0.0,2.78e-06
2,2,23500,56608,1.53,1.53,0.0,2.77e-06
2,2,23600,56608,1.5263,1.5263,0.0,2.76e-06
2,2,23700,56608,1.5125,1.5125,0.0,2.75e-06
2,2,23800,56608,1.3753,1.3753,0.0,2.74e-06
2,2,23900,56608,1.6542,1.6542,0.0,2.73e-06
2,2,24000,56608,1.5616,1.5616,0.0,2.72e-06
2,2,24100,56608,1.7149,1.7149,0.0,2.71e-06
2,2,24200,56608,1.4304,1.4304,0.0,2.7e-06
2,2,24300,56608,1.3742,1.3742,0.0,2.69e-06
2,2,24400,56608,1.5006,1.5006,0.0,2.68e-06
2,2,24500,56608,1.4778,1.4778,0.0,2.67e-06
2,2,24600,56608,1.5101,1.5101,0.0,2.66e-06
2,2,24700,56608,1.4025,1.4025,0.0,2.65e-06
2,2,24800,56608,1.699,1.699,0.0,2.64e-06
2,2,24900,56608,1.4275,1.4275,0.0,2.63e-06
2,2,25000,56608,1.4046,1.4046,0.0,2.62e-06
2,2,25100,56608,1.5956,1.5956,0.0,2.61e-06
2,2,25200,56608,1.557,1.557,0.0,2.6e-06
2,2,25300,56608,1.4368,1.4368,0.0,2.59e-06
2,2,25400,56608,1.4378,1.4378,0.0,2.58e-06
2,2,25500,56608,1.5226,1.5226,0.0,2.57e-06
2,2,25600,56608,1.4541,1.4541,0.0,2.57e-06
2,2,25700,56608,1.2349,1.2349,0.0,2.56e-06
2,2,25800,56608,1.5313,1.5313,0.0,2.55e-06
2,2,25900,56608,1.4204,1.4204,0.0,2.54e-06
2,2,26000,56608,1.6241,1.6241,0.0,2.53e-06
2,2,26100,56608,1.5498,1.5498,0.0,2.52e-06
2,2,26200,56608,1.356,1.356,0.0,2.51e-06
2,2,26300,56608,1.5628,1.5628,0.0,2.5e-06
2,2,26400,56608,1.2981,1.2981,0.0,2.49e-06
2,2,26500,56608,1.6318,1.6318,0.0,2.48e-06
2,2,26600,56608,1.6277,1.6277,0.0,2.47e-06
2,2,26700,56608,1.5966,1.5966,0.0,2.46e-06
2,2,26800,56608,1.6609,1.6609,0.0,2.45e-06
2,2,26900,56608,1.602,1.602,0.0,2.44e-06
2,2,27000,56608,1.441,1.441,0.0,2.44e-06
2,2,27100,56608,1.5477,1.5477,0.0,2.43e-06
2,2,27200,56608,1.5438,1.5438,0.0,2.42e-06
2,2,27300,56608,1.6789,1.6789,0.0,2.41e-06
2,2,27400,56608,1.625,1.625,0.0,2.4e-06
2,2,27500,56608,1.4539,1.4539,0.0,2.39e-06
2,2,27600,56608,1.5018,1.5018,0.0,2.38e-06
2,2,27700,56608,1.3089,1.3089,0.0,2.37e-06
2,2,27800,56608,1.4672,1.4672,0.0,2.36e-06
2,2,27900,56608,1.5927,1.5927,0.0,2.35e-06
2,2,28000,56608,1.3512,1.3512,0.0,2.34e-06
2,2,28100,56608,1.5976,1.5976,0.0,2.34e-06
2,2,28200,56608,1.5456,1.5456,0.0,2.33e-06
2,2,28300,56608,1.5472,1.5472,0.0,2.32e-06
2,2,28400,56608,1.5288,1.5288,0.0,2.31e-06
2,2,28500,56608,1.3635,1.3635,0.0,2.3e-06
2,2,28600,56608,1.3555,1.3555,0.0,2.29e-06
2,2,28700,56608,1.5885,1.5885,0.0,2.28e-06
2,2,28800,56608,1.4408,1.4408,0.0,2.27e-06
2,2,28900,56608,1.6052,1.6052,0.0,2.27e-06
2,2,29000,56608,1.4353,1.4353,0.0,2.26e-06
2,2,29100,56608,1.3884,1.3884,0.0,2.25e-06
2,2,29200,56608,1.298,1.298,0.0,2.24e-06
2,2,29300,56608,1.3179,1.3179,0.0,2.23e-06
2,2,29400,56608,1.4458,1.4458,0.0,2.22e-06
2,2,29500,56608,1.4014,1.4014,0.0,2.21e-06
2,2,29600,56608,1.464,1.464,0.0,2.21e-06
2,2,29700,56608,1.5105,1.5105,0.0,2.2e-06
2,2,29800,56608,1.433,1.433,0.0,2.19e-06
2,2,29900,56608,1.3642,1.3642,0.0,2.18e-06
2,2,30000,56608,1.512,1.512,0.0,2.17e-06
2,2,30100,56608,1.352,1.352,0.0,2.16e-06
2,2,30200,56608,1.4077,1.4077,0.0,2.16e-06
2,2,30300,56608,1.4736,1.4736,0.0,2.15e-06
2,2,30400,56608,1.6144,1.6144,0.0,2.14e-06
2,2,30500,56608,1.314,1.314,0.0,2.13e-06
2,2,30600,56608,1.346,1.346,0.0,2.12e-06
2,2,30700,56608,1.4554,1.4554,0.0,2.11e-06
2,2,30800,56608,1.259,1.259,0.0,2.11e-06
2,2,30900,56608,1.4369,1.4369,0.0,2.1e-06
2,2,31000,56608,1.6306,1.6306,0.0,2.09e-06
2,2,31100,56608,1.3456,1.3456,0.0,2.08e-06
2,2,31200,56608,1.5493,1.5493,0.0,2.07e-06
2,2,31300,56608,1.3989,1.3989,0.0,2.06e-06
2,2,31400,56608,1.5888,1.5888,0.0,2.06e-06
2,2,31500,56608,1.6366,1.6366,0.0,2.05e-06
2,2,31600,56608,1.3582,1.3582,0.0,2.04e-06
2,2,31700,56608,1.6431,1.6431,0.0,2.03e-06
2,2,31800,56608,1.3778,1.3778,0.0,2.02e-06
2,2,31900,56608,1.5508,1.5508,0.0,2.02e-06
2,2,32000,56608,1.5861,1.5861,0.0,2.01e-06
2,2,32100,56608,1.5198,1.5198,0.0,2e-06
2,2,32200,56608,1.5394,1.5394,0.0,1.99e-06
2,2,32300,56608,1.4556,1.4556,0.0,1.99e-06
2,2,32400,56608,1.4798,1.4798,0.0,1.98e-06
2,2,32500,56608,1.2395,1.2395,0.0,1.97e-06
2,2,32600,56608,1.4349,1.4349,0.0,1.96e-06
2,2,32700,56608,1.5453,1.5453,0.0,1.95e-06
2,2,32800,56608,1.4406,1.4406,0.0,1.95e-06
2,2,32900,56608,1.5729,1.5729,0.0,1.94e-06
2,2,33000,56608,1.5207,1.5207,0.0,1.93e-06
2,2,33100,56608,1.661,1.661,0.0,1.92e-06
2,2,33200,56608,1.5136,1.5136,0.0,1.92e-06
2,2,33300,56608,1.5349,1.5349,0.0,1.91e-06
2,2,33400,56608,1.3414,1.3414,0.0,1.9e-06
2,2,33500,56608,1.2644,1.2644,0.0,1.89e-06
2,2,33600,56608,1.3291,1.3291,0.0,1.89e-06
2,2,33700,56608,1.7491,1.7491,0.0,1.88e-06
2,2,33800,56608,1.4931,1.4931,0.0,1.87e-06
2,2,33900,56608,1.3253,1.3253,0.0,1.86e-06
2,2,34000,56608,1.3125,1.3125,0.0,1.86e-06
2,2,34100,56608,1.4188,1.4188,0.0,1.85e-06
2,2,34200,56608,1.3854,1.3854,0.0,1.84e-06
2,2,34300,56608,1.4592,1.4592,0.0,1.83e-06
2,2,34400,56608,1.5337,1.5337,0.0,1.83e-06
2,2,34500,56608,1.4621,1.4621,0.0,1.82e-06
2,2,34600,56608,1.3129,1.3129,0.0,1.81e-06
2,2,34700,56608,1.4494,1.4494,0.0,1.81e-06
2,2,34800,56608,1.3212,1.3212,0.0,1.8e-06
2,2,34900,56608,1.5052,1.5052,0.0,1.79e-06
2,2,35000,56608,1.4002,1.4002,0.0,1.78e-06
2,2,35100,56608,1.3666,1.3666,0.0,1.78e-06
2,2,35200,56608,1.6089,1.6089,0.0,1.77e-06
2,2,35300,56608,1.387,1.387,0.0,1.76e-06
2,2,35400,56608,1.5185,1.5185,0.0,1.76e-06
2,2,35500,56608,1.4397,1.4397,0.0,1.75e-06
2,2,35600,56608,1.4603,1.4603,0.0,1.74e-06
2,2,35700,56608,1.4694,1.4694,0.0,1.74e-06
2,2,35800,56608,1.4279,1.4279,0.0,1.73e-06
2,2,35900,56608,1.5237,1.5237,0.0,1.72e-06
2,2,36000,56608,1.2846,1.2846,0.0,1.72e-06
2,2,36100,56608,1.586,1.586,0.0,1.71e-06
2,2,36200,56608,1.6331,1.6331,0.0,1.7e-06
2,2,36300,56608,1.3917,1.3917,0.0,1.7e-06
2,2,36400,56608,1.2431,1.2431,0.0,1.69e-06
2,2,36500,56608,1.3254,1.3254,0.0,1.68e-06
2,2,36600,56608,1.2931,1.2931,0.0,1.68e-06
2,2,36700,56608,1.4189,1.4189,0.0,1.67e-06
2,2,36800,56608,1.5423,1.5423,0.0,1.66e-06
2,2,36900,56608,1.4483,1.4483,0.0,1.66e-06
2,2,37000,56608,1.378,1.378,0.0,1.65e-06
2,2,37100,56608,1.4329,1.4329,0.0,1.64e-06
2,2,37200,56608,1.4398,1.4398,0.0,1.64e-06
2,2,37300,56608,1.536,1.536,0.0,1.63e-06
2,2,37400,56608,1.4345,1.4345,0.0,1.62e-06
2,2,37500,56608,1.4702,1.4702,0.0,1.62e-06
2,2,37600,56608,1.4646,1.4646,0.0,1.61e-06
2,2,37700,56608,1.6219,1.6219,0.0,1.61e-06
2,2,37800,56608,1.5808,1.5808,0.0,1.6e-06
2,2,37900,56608,1.3639,1.3639,0.0,1.59e-06
2,2,38000,56608,1.369,1.369,0.0,1.59e-06
2,2,38100,56608,1.6461,1.6461,0.0,1.58e-06
2,2,38200,56608,1.4306,1.4306,0.0,1.57e-06
2,2,38300,56608,1.5462,1.5462,0.0,1.57e-06
2,2,38400,56608,1.4286,1.4286,0.0,1.56e-06
2,2,38500,56608,1.2646,1.2646,0.0,1.56e-06
2,2,38600,56608,1.4369,1.4369,0.0,1.55e-06
2,2,38700,56608,1.8129,1.8129,0.0,1.54e-06
2,2,38800,56608,1.5151,1.5151,0.0,1.54e-06
2,2,38900,56608,1.3652,1.3652,0.0,1.53e-06
2,2,39000,56608,1.4817,1.4817,0.0,1.53e-06
2,2,39100,56608,1.3075,1.3075,0.0,1.52e-06
2,2,39200,56608,1.3857,1.3857,0.0,1.51e-06
2,2,39300,56608,1.6136,1.6136,0.0,1.51e-06
2,2,39400,56608,1.586,1.586,0.0,1.5e-06
2,2,39500,56608,1.524,1.524,0.0,1.5e-06
2,2,39600,56608,1.3083,1.3083,0.0,1.49e-06
2,2,39700,56608,1.4656,1.4656,0.0,1.49e-06
2,2,39800,56608,1.3962,1.3962,0.0,1.48e-06
2,2,39900,56608,1.555,1.555,0.0,1.48e-06
2,2,40000,56608,1.3551,1.3551,0.0,1.47e-06
2,2,40100,56608,1.5014,1.5014,0.0,1.46e-06
2,2,40200,56608,1.3394,1.3394,0.0,1.46e-06
2,2,40300,56608,1.412,1.412,0.0,1.45e-06
2,2,40400,56608,1.497,1.497,0.0,1.45e-06
2,2,40500,56608,1.5465,1.5465,0.0,1.44e-06
2,2,40600,56608,1.4667,1.4667,0.0,1.44e-06
2,2,40700,56608,1.4737,1.4737,0.0,1.43e-06
2,2,40800,56608,1.37,1.37,0.0,1.43e-06
2,2,40900,56608,1.5039,1.5039,0.0,1.42e-06
2,2,41000,56608,1.3928,1.3928,0.0,1.42e-06
2,2,41100,56608,1.5113,1.5113,0.0,1.41e-06
2,2,41200,56608,1.4256,1.4256,0.0,1.41e-06
2,2,41300,56608,1.6577,1.6577,0.0,1.4e-06
2,2,41400,56608,1.4089,1.4089,0.0,1.39e-06
2,2,41500,56608,1.3769,1.3769,0.0,1.39e-06
2,2,41600,56608,1.425,1.425,0.0,1.38e-06
2,2,41700,56608,1.4913,1.4913,0.0,1.38e-06
2,2,41800,56608,1.4068,1.4068,0.0,1.37e-06
2,2,41900,56608,1.5968,1.5968,0.0,1.37e-06
2,2,42000,56608,1.4833,1.4833,0.0,1.36e-06
2,2,42100,56608,1.4084,1.4084,0.0,1.36e-06
2,2,42200,56608,1.5709,1.5709,0.0,1.35e-06
2,2,42300,56608,1.4816,1.4816,0.0,1.35e-06
2,2,42400,56608,1.4684,1.4684,0.0,1.35e-06
2,2,42500,56608,1.502,1.502,0.0,1.34e-06
2,2,42600,56608,1.4601,1.4601,0.0,1.34e-06
2,2,42700,56608,1.3143,1.3143,0.0,1.33e-06
2,2,42800,56608,1.3996,1.3996,0.0,1.33e-06
2,2,42900,56608,1.4859,1.4859,0.0,1.32e-06
2,2,43000,56608,1.4374,1.4374,0.0,1.32e-06
2,2,43100,56608,1.4757,1.4757,0.0,1.31e-06
2,2,43200,56608,1.6247,1.6247,0.0,1.31e-06
2,2,43300,56608,1.5282,1.5282,0.0,1.3e-06
2,2,43400,56608,1.4563,1.4563,0.0,1.3e-06
2,2,43500,56608,1.3755,1.3755,0.0,1.29e-06
2,2,43600,56608,1.2243,1.2243,0.0,1.29e-06
2,2,43700,56608,1.4676,1.4676,0.0,1.29e-06
2,2,43800,56608,1.6674,1.6674,0.0,1.28e-06
2,2,43900,56608,1.4602,1.4602,0.0,1.28e-06
2,2,44000,56608,1.5692,1.5692,0.0,1.27e-06
2,2,44100,56608,1.5017,1.5017,0.0,1.27e-06
2,2,44200,56608,1.3419,1.3419,0.0,1.26e-06
2,2,44300,56608,1.3268,1.3268,0.0,1.26e-06
2,2,44400,56608,1.6949,1.6949,0.0,1.26e-06
2,2,44500,56608,1.4281,1.4281,0.0,1.25e-06
2,2,44600,56608,1.2943,1.2943,0.0,1.25e-06
2,2,44700,56608,1.4382,1.4382,0.0,1.24e-06
2,2,44800,56608,1.5733,1.5733,0.0,1.24e-06
2,2,44900,56608,1.5112,1.5112,0.0,1.24e-06
2,2,45000,56608,1.2587,1.2587,0.0,1.23e-06
2,2,45100,56608,1.6365,1.6365,0.0,1.23e-06
2,2,45200,56608,1.1759,1.1759,0.0,1.22e-06
2,2,45300,56608,1.569,1.569,0.0,1.22e-06
2,2,45400,56608,1.4988,1.4988,0.0,1.22e-06
2,2,45500,56608,1.5712,1.5712,0.0,1.21e-06
2,2,45600,56608,1.3759,1.3759,0.0,1.21e-06
2,2,45700,56608,1.4613,1.4613,0.0,1.2e-06
2,2,45800,56608,1.5876,1.5876,0.0,1.2e-06
2,2,45900,56608,1.4665,1.4665,0.0,1.2e-06
2,2,46000,56608,1.5716,1.5716,0.0,1.19e-06
2,2,46100,56608,1.407,1.407,0.0,1.19e-06
2,2,46200,56608,1.4841,1.4841,0.0,1.19e-06
2,2,46300,56608,1.6581,1.6581,0.0,1.18e-06
2,2,46400,56608,1.4695,1.4695,0.0,1.18e-06
2,2,46500,56608,1.3841,1.3841,0.0,1.18e-06
2,2,46600,56608,1.6155,1.6155,0.0,1.17e-06
2,2,46700,56608,1.4915,1.4915,0.0,1.17e-06
2,2,46800,56608,1.344,1.344,0.0,1.17e-06
2,2,46900,56608,1.5267,1.5267,0.0,1.16e-06
2,2,47000,56608,1.3891,1.3891,0.0,1.16e-06
2,2,47100,56608,1.4578,1.4578,0.0,1.16e-06
2,2,47200,56608,1.4572,1.4572,0.0,1.15e-06
2,2,47300,56608,1.3093,1.3093,0.0,1.15e-06
2,2,47400,56608,1.3681,1.3681,0.0,1.15e-06
2,2,47500,56608,1.4639,1.4639,0.0,1.14e-06
2,2,47600,56608,1.4739,1.4739,0.0,1.14e-06
2,2,47700,56608,1.299,1.299,0.0,1.14e-06
2,2,47800,56608,1.4045,1.4045,0.0,1.13e-06
2,2,47900,56608,1.5701,1.5701,0.0,1.13e-06
2,2,48000,56608,1.2261,1.2261,0.0,1.13e-06
2,2,48100,56608,1.452,1.452,0.0,1.12e-06
2,2,48200,56608,1.3585,1.3585,0.0,1.12e-06
2,2,48300,56608,1.4803,1.4803,0.0,1.12e-06
2,2,48400,56608,1.4001,1.4001,0.0,1.12e-06
2,2,48500,56608,1.384,1.384,0.0,1.11e-06
2,2,48600,56608,1.33,1.33,0.0,1.11e-06
2,2,48700,56608,1.257,1.257,0.0,1.11e-06
2,2,48800,56608,1.3878,1.3878,0.0,1.11e-06
2,2,48900,56608,1.3753,1.3753,0.0,1.1e-06
2,2,49000,56608,1.5225,1.5225,0.0,1.1e-06
2,2,49100,56608,1.4196,1.4196,0.0,1.1e-06
2,2,49200,56608,1.4186,1.4186,0.0,1.09e-06
2,2,49300,56608,1.3889,1.3889,0.0,1.09e-06
2,2,49400,56608,1.3635,1.3635,0.0,1.09e-06
2,2,49500,56608,1.4103,1.4103,0.0,1.09e-06
2,2,49600,56608,1.3158,1.3158,0.0,1.08e-06
2,2,49700,56608,1.4897,1.4897,0.0,1.08e-06
2,2,49800,56608,1.5526,1.5526,0.0,1.08e-06
2,2,49900,56608,1.5811,1.5811,0.0,1.08e-06
2,2,50000,56608,1.5459,1.5459,0.0,1.08e-06
2,2,50100,56608,1.1727,1.1727,0.0,1.07e-06
2,2,50200,56608,1.3958,1.3958,0.0,1.07e-06
2,2,50300,56608,1.7251,1.7251,0.0,1.07e-06
2,2,50400,56608,1.5475,1.5475,0.0,1.07e-06
2,2,50500,56608,1.3729,1.3729,0.0,1.06e-06
2,2,50600,56608,1.5284,1.5284,0.0,1.06e-06
2,2,50700,56608,1.4255,1.4255,0.0,1.06e-06
2,2,50800,56608,1.4627,1.4627,0.0,1.06e-06
2,2,50900,56608,1.5603,1.5603,0.0,1.06e-06
2,2,51000,56608,1.5224,1.5224,0.0,1.05e-06
2,2,51100,56608,1.3829,1.3829,0.0,1.05e-06
2,2,51200,56608,1.4094,1.4094,0.0,1.05e-06
2,2,51300,56608,1.5947,1.5947,0.0,1.05e-06
2,2,51400,56608,1.4589,1.4589,0.0,1.05e-06
2,2,51500,56608,1.5741,1.5741,0.0,1.05e-06
2,2,51600,56608,1.2331,1.2331,0.0,1.04e-06
2,2,51700,56608,1.3716,1.3716,0.0,1.04e-06
2,2,51800,56608,1.1552,1.1552,0.0,1.04e-06
2,2,51900,56608,1.4038,1.4038,0.0,1.04e-06
2,2,52000,56608,1.2387,1.2387,0.0,1.04e-06
2,2,52100,56608,1.6449,1.6449,0.0,1.04e-06
2,2,52200,56608,1.5105,1.5105,0.0,1.03e-06
2,2,52300,56608,1.494,1.494,0.0,1.03e-06
2,2,52400,56608,1.4598,1.4598,0.0,1.03e-06
2,2,52500,56608,1.3433,1.3433,0.0,1.03e-06
2,2,52600,56608,1.5279,1.5279,0.0,1.03e-06
2,2,52700,56608,1.5442,1.5442,0.0,1.03e-06
2,2,52800,56608,1.4299,1.4299,0.0,1.03e-06
2,2,52900,56608,1.4092,1.4092,0.0,1.02e-06
2,2,53000,56608,1.344,1.344,0.0,1.02e-06
2,2,53100,56608,1.5725,1.5725,0.0,1.02e-06
2,2,53200,56608,1.5987,1.5987,0.0,1.02e-06
2,2,53300,56608,1.1903,1.1903,0.0,1.02e-06
2,2,53400,56608,1.3897,1.3897,0.0,1.02e-06
2,2,53500,56608,1.4663,1.4663,0.0,1.02e-06
2,2,53600,56608,1.3901,1.3901,0.0,1.02e-06
2,2,53700,56608,1.4825,1.4825,0.0,1.01e-06
2,2,53800,56608,1.4945,1.4945,0.0,1.01e-06
2,2,53900,56608,1.3815,1.3815,0.0,1.01e-06
2,2,54000,56608,1.4792,1.4792,0.0,1.01e-06
2,2,54100,56608,1.5073,1.5073,0.0,1.01e-06
2,2,54200,56608,1.2974,1.2974,0.0,1.01e-06
2,2,54300,56608,1.5414,1.5414,0.0,1.01e-06
2,2,54400,56608,1.4066,1.4066,0.0,1.01e-06
2,2,54500,56608,1.4993,1.4993,0.0,1.01e-06
2,2,54600,56608,1.5717,1.5717,0.0,1.01e-06
2,2,54700,56608,1.5287,1.5287,0.0,1.01e-06
2,2,54800,56608,1.3976,1.3976,0.0,1.01e-06
2,2,54900,56608,1.3952,1.3952,0.0,1.01e-06
2,2,55000,56608,1.4879,1.4879,0.0,1e-06
2,2,55100,56608,1.3253,1.3253,0.0,1e-06
2,2,55200,56608,1.5236,1.5236,0.0,1e-06
2,2,55300,56608,1.3056,1.3056,0.0,1e-06
2,2,55400,56608,1.5378,1.5378,0.0,1e-06
2,2,55500,56608,1.4832,1.4832,0.0,1e-06
2,2,55600,56608,1.3506,1.3506,0.0,1e-06
2,2,55700,56608,1.645,1.645,0.0,1e-06
2,2,55800,56608,1.6069,1.6069,0.0,1e-06
2,2,55900,56608,1.4591,1.4591,0.0,1e-06
2,2,56000,56608,1.5071,1.5071,0.0,1e-06
2,2,56100,56608,1.4498,1.4498,0.0,1e-06
2,2,56200,56608,1.5094,1.5094,0.0,1e-06
2,2,56300,56608,1.4003,1.4003,0.0,1e-06
2,2,56400,56608,1.5324,1.5324,0.0,1e-06
2,2,56500,56608,1.4537,1.4537,0.0,1e-06
2,2,56600,56608,1.6503,1.6503,0.0,1e-06
2,2,56608,56608,1.6683,1.6683,0.0,1e-06
