step,loss,logits_loss,aux_loss,lr
100,1.9869,1.9869,0.0,1e-05
200,2.0518,2.0518,0.0,1e-05
300,1.91,1.91,0.0,1e-05
400,2.1612,2.1612,0.0,1e-05
500,1.7724,1.7724,0.0,1e-05
600,1.8224,1.8224,0.0,1e-05
700,1.7304,1.7304,0.0,1e-05
800,1.7793,1.7793,0.0,1e-05
900,1.6856,1.6856,0.0,9.99e-06
1000,1.8978,1.8978,0.0,9.99e-06
1100,1.8671,1.8671,0.0,9.99e-06
1200,1.8852,1.8852,0.0,9.99e-06
1300,1.762,1.762,0.0,9.99e-06
1400,1.8422,1.8422,0.0,9.99e-06
1500,1.5986,1.5986,0.0,9.98e-06
1600,1.918,1.918,0.0,9.98e-06
1700,1.951,1.951,0.0,9.98e-06
1800,1.8772,1.8772,0.0,9.98e-06
1900,1.8641,1.8641,0.0,9.98e-06
2000,1.6769,1.6769,0.0,9.97e-06
2100,1.6439,1.6439,0.0,9.97e-06
2200,1.6084,1.6084,0.0,9.97e-06
2300,1.8106,1.8106,0.0,9.96e-06
2400,1.7567,1.7567,0.0,9.96e-06
2500,1.7213,1.7213,0.0,9.96e-06
2600,1.776,1.776,0.0,9.95e-06
2700,1.8209,1.8209,0.0,9.95e-06
2800,1.4486,1.4486,0.0,9.95e-06
2900,1.8406,1.8406,0.0,9.94e-06
3000,1.7899,1.7899,0.0,9.94e-06
3100,1.5839,1.5839,0.0,9.93e-06
3200,1.6291,1.6291,0.0,9.93e-06
3300,1.7795,1.7795,0.0,9.92e-06
3400,1.6255,1.6255,0.0,9.92e-06
3500,1.5737,1.5737,0.0,9.92e-06
3600,1.6238,1.6238,0.0,9.91e-06
3700,1.7066,1.7066,0.0,9.91e-06
3800,1.7827,1.7827,0.0,9.9e-06
3900,1.7603,1.7603,0.0,9.9e-06
4000,1.7328,1.7328,0.0,9.89e-06
4100,1.7429,1.7429,0.0,9.88e-06
4200,1.7185,1.7185,0.0,9.88e-06
4300,1.6494,1.6494,0.0,9.87e-06
4400,1.4764,1.4764,0.0,9.87e-06
4500,1.6993,1.6993,0.0,9.86e-06
4600,1.8392,1.8392,0.0,9.85e-06
4700,1.8693,1.8693,0.0,9.85e-06
4800,1.6077,1.6077,0.0,9.84e-06
4900,1.7874,1.7874,0.0,9.83e-06
5000,1.7101,1.7101,0.0,9.83e-06
5100,1.6554,1.6554,0.0,9.82e-06
5200,1.5771,1.5771,0.0,9.81e-06
5300,1.6339,1.6339,0.0,9.81e-06
5400,1.6299,1.6299,0.0,9.8e-06
5500,1.696,1.696,0.0,9.79e-06
5600,1.7589,1.7589,0.0,9.78e-06
5700,1.7717,1.7717,0.0,9.78e-06
5800,1.6642,1.6642,0.0,9.77e-06
5900,1.7509,1.7509,0.0,9.76e-06
6000,1.5939,1.5939,0.0,9.75e-06
6100,1.6751,1.6751,0.0,9.74e-06
6200,1.654,1.654,0.0,9.74e-06
6300,1.6545,1.6545,0.0,9.73e-06
6400,1.7171,1.7171,0.0,9.72e-06
6500,1.6834,1.6834,0.0,9.71e-06
6600,1.8073,1.8073,0.0,9.7e-06
6700,1.8852,1.8852,0.0,9.69e-06
6800,1.8092,1.8092,0.0,9.68e-06
6900,1.8024,1.8024,0.0,9.67e-06
7000,1.6592,1.6592,0.0,9.66e-06
7100,1.7168,1.7168,0.0,9.66e-06
7200,1.5089,1.5089,0.0,9.65e-06
7300,1.7043,1.7043,0.0,9.64e-06
7400,1.8144,1.8144,0.0,9.63e-06
7500,1.547,1.547,0.0,9.62e-06
7600,1.8369,1.8369,0.0,9.61e-06
7700,1.7271,1.7271,0.0,9.6e-06
7800,1.6727,1.6727,0.0,9.58e-06
7900,1.6482,1.6482,0.0,9.57e-06
8000,1.6023,1.6023,0.0,9.56e-06
8100,1.4761,1.4761,0.0,9.55e-06
8200,1.5408,1.5408,0.0,9.54e-06
8300,1.3284,1.3284,0.0,9.53e-06
8400,1.7099,1.7099,0.0,9.52e-06
8500,1.7853,1.7853,0.0,9.51e-06
8600,1.7872,1.7872,0.0,9.5e-06
8700,1.6358,1.6358,0.0,9.49e-06
8800,1.7089,1.7089,0.0,9.47e-06
8900,1.5639,1.5639,0.0,9.46e-06
9000,1.7268,1.7268,0.0,9.45e-06
9100,1.7623,1.7623,0.0,9.44e-06
9200,1.6199,1.6199,0.0,9.43e-06
9300,1.6562,1.6562,0.0,9.41e-06
9400,1.8126,1.8126,0.0,9.4e-06
9500,1.7713,1.7713,0.0,9.39e-06
9600,1.7694,1.7694,0.0,9.38e-06
9700,1.5732,1.5732,0.0,9.36e-06
9800,1.7258,1.7258,0.0,9.35e-06
9900,1.5986,1.5986,0.0,9.34e-06
10000,1.7005,1.7005,0.0,9.32e-06
10100,1.6721,1.6721,0.0,9.31e-06
10200,1.6669,1.6669,0.0,9.3e-06
10300,1.5587,1.5587,0.0,9.28e-06
10400,1.809,1.809,0.0,9.27e-06
10500,1.8154,1.8154,0.0,9.26e-06
10600,1.6435,1.6435,0.0,9.24e-06
10700,1.5994,1.5994,0.0,9.23e-06
10800,1.6022,1.6022,0.0,9.22e-06
10900,1.7504,1.7504,0.0,9.2e-06
11000,1.6577,1.6577,0.0,9.19e-06
11100,1.6836,1.6836,0.0,9.17e-06
11200,1.6022,1.6022,0.0,9.16e-06
11300,1.6372,1.6372,0.0,9.14e-06
11400,1.6918,1.6918,0.0,9.13e-06
11500,1.8571,1.8571,0.0,9.11e-06
11600,1.3383,1.3383,0.0,9.1e-06
11700,1.7197,1.7197,0.0,9.08e-06
11800,1.604,1.604,0.0,9.07e-06
11900,1.7674,1.7674,0.0,9.05e-06
12000,1.4955,1.4955,0.0,9.04e-06
12100,1.8271,1.8271,0.0,9.02e-06
12200,1.6476,1.6476,0.0,9.01e-06
12300,1.6048,1.6048,0.0,8.99e-06
12400,1.6486,1.6486,0.0,8.98e-06
12500,1.6554,1.6554,0.0,8.96e-06
12600,1.8127,1.8127,0.0,8.94e-06
12700,1.7216,1.7216,0.0,8.93e-06
12800,1.629,1.629,0.0,8.91e-06
12900,1.6381,1.6381,0.0,8.9e-06
13000,1.6423,1.6423,0.0,8.88e-06
13100,1.5315,1.5315,0.0,8.86e-06
13200,1.7255,1.7255,0.0,8.85e-06
13300,1.7837,1.7837,0.0,8.83e-06
13400,1.78,1.78,0.0,8.81e-06
13500,1.5484,1.5484,0.0,8.8e-06
13600,1.6768,1.6768,0.0,8.78e-06
13700,1.6645,1.6645,0.0,8.76e-06
13800,1.8006,1.8006,0.0,8.74e-06
13900,1.7994,1.7994,0.0,8.73e-06
14000,1.5688,1.5688,0.0,8.71e-06
14100,1.8185,1.8185,0.0,8.69e-06
14200,1.6615,1.6615,0.0,8.67e-06
14300,1.694,1.694,0.0,8.66e-06
14400,1.797,1.797,0.0,8.64e-06
14500,1.4743,1.4743,0.0,8.62e-06
14600,1.9384,1.9384,0.0,8.6e-06
14700,1.6497,1.6497,0.0,8.58e-06
14800,1.6098,1.6098,0.0,8.57e-06
14900,1.7153,1.7153,0.0,8.55e-06
15000,1.5239,1.5239,0.0,8.53e-06
15100,1.6622,1.6622,0.0,8.51e-06
15200,1.6749,1.6749,0.0,8.49e-06
15300,1.5148,1.5148,0.0,8.47e-06
15400,1.6951,1.6951,0.0,8.45e-06
15500,1.5645,1.5645,0.0,8.44e-06
15600,1.5913,1.5913,0.0,8.42e-06
15700,1.6824,1.6824,0.0,8.4e-06
15800,1.6978,1.6978,0.0,8.38e-06
15900,1.5148,1.5148,0.0,8.36e-06
16000,1.6758,1.6758,0.0,8.34e-06
16100,1.4081,1.4081,0.0,8.32e-06
16200,1.409,1.409,0.0,8.3e-06
16300,1.7565,1.7565,0.0,8.28e-06
16400,1.5498,1.5498,0.0,8.26e-06
16500,1.5697,1.5697,0.0,8.24e-06
16600,1.655,1.655,0.0,8.22e-06
16700,1.6539,1.6539,0.0,8.2e-06
16800,1.8031,1.8031,0.0,8.18e-06
16900,1.5965,1.5965,0.0,8.16e-06
17000,1.4915,1.4915,0.0,8.14e-06
17100,1.65,1.65,0.0,8.12e-06
17200,1.651,1.651,0.0,8.1e-06
17300,1.5442,1.5442,0.0,8.08e-06
17400,1.4486,1.4486,0.0,8.06e-06
17500,1.6762,1.6762,0.0,8.04e-06
17600,1.6194,1.6194,0.0,8.02e-06
17700,1.5029,1.5029,0.0,8e-06
17800,1.6987,1.6987,0.0,7.98e-06
17900,1.6256,1.6256,0.0,7.96e-06
18000,1.6057,1.6057,0.0,7.94e-06
18100,1.7929,1.7929,0.0,7.91e-06
18200,1.6952,1.6952,0.0,7.89e-06
18300,1.5827,1.5827,0.0,7.87e-06
18400,1.51,1.51,0.0,7.85e-06
18500,1.6754,1.6754,0.0,7.83e-06
18600,1.6532,1.6532,0.0,7.81e-06
18700,1.467,1.467,0.0,7.79e-06
18800,1.7301,1.7301,0.0,7.76e-06
18900,1.6623,1.6623,0.0,7.74e-06
19000,1.453,1.453,0.0,7.72e-06
19100,1.671,1.671,0.0,7.7e-06
19200,1.5753,1.5753,0.0,7.68e-06
19300,1.6902,1.6902,0.0,7.66e-06
19400,1.8149,1.8149,0.0,7.63e-06
19500,1.36,1.36,0.0,7.61e-06
19600,1.6557,1.6557,0.0,7.59e-06
19700,1.7891,1.7891,0.0,7.57e-06
19800,1.4538,1.4538,0.0,7.55e-06
19900,1.575,1.575,0.0,7.52e-06
20000,1.5731,1.5731,0.0,7.5e-06
20100,1.6491,1.6491,0.0,7.48e-06
20200,1.775,1.775,0.0,7.46e-06
20300,1.7939,1.7939,0.0,7.43e-06
20400,1.5197,1.5197,0.0,7.41e-06
20500,1.3766,1.3766,0.0,7.39e-06
20600,1.684,1.684,0.0,7.37e-06
20700,1.5522,1.5522,0.0,7.34e-06
20800,1.3793,1.3793,0.0,7.32e-06
20900,1.6222,1.6222,0.0,7.3e-06
21000,2.0388,2.0388,0.0,7.27e-06
21100,1.729,1.729,0.0,7.25e-06
21200,1.4606,1.4606,0.0,7.23e-06
21300,1.6775,1.6775,0.0,7.21e-06
21400,1.6717,1.6717,0.0,7.18e-06
21500,1.6955,1.6955,0.0,7.16e-06
21600,1.6421,1.6421,0.0,7.14e-06
21700,1.6084,1.6084,0.0,7.11e-06
21800,1.6132,1.6132,0.0,7.09e-06
21900,1.4425,1.4425,0.0,7.07e-06
22000,1.618,1.618,0.0,7.04e-06
22100,1.3745,1.3745,0.0,7.02e-06
22200,1.6818,1.6818,0.0,7e-06
22300,1.4557,1.4557,0.0,6.97e-06
22400,1.5644,1.5644,0.0,6.95e-06
22500,1.4451,1.4451,0.0,6.92e-06
22600,1.7608,1.7608,0.0,6.9e-06
22700,1.6567,1.6567,0.0,6.88e-06
22800,1.5555,1.5555,0.0,6.85e-06
22900,1.6032,1.6032,0.0,6.83e-06
23000,1.614,1.614,0.0,6.81e-06
23100,1.7053,1.7053,0.0,6.78e-06
23200,1.6339,1.6339,0.0,6.76e-06
23300,1.5158,1.5158,0.0,6.73e-06
23400,1.3923,1.3923,0.0,6.71e-06
23500,1.7228,1.7228,0.0,6.69e-06
23600,1.6693,1.6693,0.0,6.66e-06
23700,1.748,1.748,0.0,6.64e-06
23800,1.7272,1.7272,0.0,6.61e-06
23900,1.4103,1.4103,0.0,6.59e-06
24000,1.6436,1.6436,0.0,6.56e-06
24100,2.0029,2.0029,0.0,6.54e-06
24200,1.4958,1.4958,0.0,6.52e-06
24300,1.7627,1.7627,0.0,6.49e-06
24400,1.6026,1.6026,0.0,6.47e-06
24500,1.7445,1.7445,0.0,6.44e-06
24600,1.6374,1.6374,0.0,6.42e-06
24700,1.5305,1.5305,0.0,6.39e-06
24800,1.5386,1.5386,0.0,6.37e-06
24900,1.7276,1.7276,0.0,6.35e-06
25000,1.5899,1.5899,0.0,6.32e-06
25100,1.6763,1.6763,0.0,6.3e-06
25200,1.4349,1.4349,0.0,6.27e-06
25300,1.6608,1.6608,0.0,6.25e-06
25400,1.5403,1.5403,0.0,6.22e-06
25500,1.7324,1.7324,0.0,6.2e-06
25600,1.7178,1.7178,0.0,6.17e-06
25700,1.5827,1.5827,0.0,6.15e-06
25800,1.5271,1.5271,0.0,6.12e-06
25900,1.7141,1.7141,0.0,6.1e-06
26000,1.7035,1.7035,0.0,6.07e-06
26100,1.6003,1.6003,0.0,6.05e-06
26200,1.7106,1.7106,0.0,6.02e-06
26300,1.5499,1.5499,0.0,6e-06
26400,1.3766,1.3766,0.0,5.97e-06
26500,1.5594,1.5594,0.0,5.95e-06
26600,1.6782,1.6782,0.0,5.92e-06
26700,1.6147,1.6147,0.0,5.9e-06
26800,1.4943,1.4943,0.0,5.88e-06
26900,1.6382,1.6382,0.0,5.85e-06
27000,1.5976,1.5976,0.0,5.83e-06
27100,1.4508,1.4508,0.0,5.8e-06
27200,1.7418,1.7418,0.0,5.78e-06
27300,1.4478,1.4478,0.0,5.75e-06
27400,1.4839,1.4839,0.0,5.73e-06
27500,1.7513,1.7513,0.0,5.7e-06
27600,1.4811,1.4811,0.0,5.68e-06
27700,1.6696,1.6696,0.0,5.65e-06
27800,1.6134,1.6134,0.0,5.63e-06
27900,1.5126,1.5126,0.0,5.6e-06
28000,1.5723,1.5723,0.0,5.58e-06
28100,1.3198,1.3198,0.0,5.55e-06
28200,1.5811,1.5811,0.0,5.53e-06
28300,1.6168,1.6168,0.0,5.5e-06
28400,1.5031,1.5031,0.0,5.48e-06
28500,1.6546,1.6546,0.0,5.45e-06
28600,1.5838,1.5838,0.0,5.43e-06
28700,1.575,1.575,0.0,5.4e-06
28800,1.5456,1.5456,0.0,5.38e-06
28900,1.5205,1.5205,0.0,5.35e-06
29000,1.6027,1.6027,0.0,5.33e-06
29100,1.6608,1.6608,0.0,5.3e-06
29200,1.6256,1.6256,0.0,5.28e-06
29300,1.6035,1.6035,0.0,5.25e-06
29400,1.5959,1.5959,0.0,5.23e-06
29500,1.5498,1.5498,0.0,5.2e-06
29600,1.599,1.599,0.0,5.18e-06
29700,1.5495,1.5495,0.0,5.15e-06
29800,1.4302,1.4302,0.0,5.13e-06
29900,1.6709,1.6709,0.0,5.1e-06
30000,1.6413,1.6413,0.0,5.08e-06
30100,1.4725,1.4725,0.0,5.05e-06
30200,1.5406,1.5406,0.0,5.03e-06
30300,1.6147,1.6147,0.0,5e-06
30400,1.6067,1.6067,0.0,4.98e-06
30500,1.4042,1.4042,0.0,4.95e-06
30600,1.3314,1.3314,0.0,4.93e-06
30700,1.6577,1.6577,0.0,4.9e-06
30800,1.35,1.35,0.0,4.88e-06
30900,1.6332,1.6332,0.0,4.85e-06
31000,1.6201,1.6201,0.0,4.83e-06
31100,1.5805,1.5805,0.0,4.8e-06
31200,1.6405,1.6405,0.0,4.78e-06
31300,1.6974,1.6974,0.0,4.76e-06
31400,1.5756,1.5756,0.0,4.73e-06
31500,1.7671,1.7671,0.0,4.71e-06
31600,1.6086,1.6086,0.0,4.68e-06
31700,1.4253,1.4253,0.0,4.66e-06
31800,1.4297,1.4297,0.0,4.63e-06
31900,1.6453,1.6453,0.0,4.61e-06
32000,1.6152,1.6152,0.0,4.58e-06
32100,1.4133,1.4133,0.0,4.56e-06
32200,1.6182,1.6182,0.0,4.53e-06
32300,1.7008,1.7008,0.0,4.51e-06
32400,1.6052,1.6052,0.0,4.49e-06
32500,1.5163,1.5163,0.0,4.46e-06
32600,1.6578,1.6578,0.0,4.44e-06
32700,1.758,1.758,0.0,4.41e-06
32800,1.5106,1.5106,0.0,4.39e-06
32900,1.6298,1.6298,0.0,4.36e-06
33000,1.6393,1.6393,0.0,4.34e-06
33100,1.417,1.417,0.0,4.32e-06
33200,1.5075,1.5075,0.0,4.29e-06
33300,1.5367,1.5367,0.0,4.27e-06
33400,1.3744,1.3744,0.0,4.24e-06
33500,1.5823,1.5823,0.0,4.22e-06
33600,1.7116,1.7116,0.0,4.2e-06
33700,1.7962,1.7962,0.0,4.17e-06
33800,1.4548,1.4548,0.0,4.15e-06
33900,1.6186,1.6186,0.0,4.12e-06
34000,1.4021,1.4021,0.0,4.1e-06
34100,1.4729,1.4729,0.0,4.08e-06
34200,1.7249,1.7249,0.0,4.05e-06
34300,1.6377,1.6377,0.0,4.03e-06
34400,1.6305,1.6305,0.0,4.01e-06
34500,1.8276,1.8276,0.0,3.98e-06
34600,1.5988,1.5988,0.0,3.96e-06
34700,1.5979,1.5979,0.0,3.94e-06
34800,1.8854,1.8854,0.0,3.91e-06
34900,1.5635,1.5635,0.0,3.89e-06
35000,1.533,1.533,0.0,3.87e-06
35100,1.519,1.519,0.0,3.84e-06
35200,1.6087,1.6087,0.0,3.82e-06
35300,1.3961,1.3961,0.0,3.8e-06
35400,1.3627,1.3627,0.0,3.77e-06
35500,1.499,1.499,0.0,3.75e-06
35600,1.5479,1.5479,0.0,3.73e-06
35700,1.5982,1.5982,0.0,3.7e-06
35800,1.5288,1.5288,0.0,3.68e-06
35900,1.6463,1.6463,0.0,3.66e-06
36000,1.6379,1.6379,0.0,3.64e-06
36100,1.7467,1.7467,0.0,3.61e-06
36200,1.5632,1.5632,0.0,3.59e-06
36300,1.6453,1.6453,0.0,3.57e-06
36400,1.5412,1.5412,0.0,3.55e-06
36500,1.3238,1.3238,0.0,3.52e-06
36600,1.5504,1.5504,0.0,3.5e-06
36700,1.5001,1.5001,0.0,3.48e-06
36800,1.4013,1.4013,0.0,3.46e-06
36900,1.4135,1.4135,0.0,3.43e-06
37000,1.3363,1.3363,0.0,3.41e-06
37100,1.8094,1.8094,0.0,3.39e-06
37200,1.6665,1.6665,0.0,3.37e-06
37300,1.8212,1.8212,0.0,3.35e-06
37400,1.6051,1.6051,0.0,3.32e-06
37500,1.7912,1.7912,0.0,3.3e-06
37600,1.5,1.5,0.0,3.28e-06
37700,1.5682,1.5682,0.0,3.26e-06
37800,1.654,1.654,0.0,3.24e-06
37900,1.6316,1.6316,0.0,3.22e-06
38000,1.5144,1.5144,0.0,3.19e-06
38100,1.5754,1.5754,0.0,3.17e-06
38200,1.3805,1.3805,0.0,3.15e-06
38300,1.4785,1.4785,0.0,3.13e-06
38400,1.3864,1.3864,0.0,3.11e-06
38500,1.6007,1.6007,0.0,3.09e-06
38600,1.5983,1.5983,0.0,3.07e-06
38700,1.8228,1.8228,0.0,3.05e-06
38800,1.432,1.432,0.0,3.02e-06
38900,1.5801,1.5801,0.0,3e-06
39000,1.634,1.634,0.0,2.98e-06
39100,1.6159,1.6159,0.0,2.96e-06
39200,1.5698,1.5698,0.0,2.94e-06
39300,1.492,1.492,0.0,2.92e-06
39400,1.6255,1.6255,0.0,2.9e-06
39500,1.4375,1.4375,0.0,2.88e-06
39600,1.5935,1.5935,0.0,2.86e-06
39700,1.8423,1.8423,0.0,2.84e-06
39800,1.5741,1.5741,0.0,2.82e-06
39900,1.7328,1.7328,0.0,2.8e-06
40000,1.6032,1.6032,0.0,2.78e-06
40100,1.7622,1.7622,0.0,2.76e-06
40200,1.6392,1.6392,0.0,2.74e-06
40300,1.4725,1.4725,0.0,2.72e-06
40400,1.4856,1.4856,0.0,2.7e-06
40500,1.6163,1.6163,0.0,2.68e-06
40600,1.591,1.591,0.0,2.66e-06
40700,1.4734,1.4734,0.0,2.64e-06
40800,1.5822,1.5822,0.0,2.62e-06
40900,1.6885,1.6885,0.0,2.6e-06
41000,1.3958,1.3958,0.0,2.59e-06
41100,1.4802,1.4802,0.0,2.57e-06
41200,1.4554,1.4554,0.0,2.55e-06
41300,1.7683,1.7683,0.0,2.53e-06
41400,1.5091,1.5091,0.0,2.51e-06
41500,1.6739,1.6739,0.0,2.49e-06
41600,1.6999,1.6999,0.0,2.47e-06
41700,1.4639,1.4639,0.0,2.45e-06
41800,1.5884,1.5884,0.0,2.44e-06
41900,1.6342,1.6342,0.0,2.42e-06
42000,1.4945,1.4945,0.0,2.4e-06
42100,1.363,1.363,0.0,2.38e-06
42200,1.6554,1.6554,0.0,2.36e-06
42300,1.6994,1.6994,0.0,2.35e-06
42400,1.5504,1.5504,0.0,2.33e-06
42500,1.6725,1.6725,0.0,2.31e-06
42600,1.6311,1.6311,0.0,2.29e-06
42700,1.6601,1.6601,0.0,2.28e-06
42800,1.6077,1.6077,0.0,2.26e-06
42900,1.7109,1.7109,0.0,2.24e-06
43000,1.6502,1.6502,0.0,2.22e-06
43100,1.4792,1.4792,0.0,2.21e-06
43200,1.5787,1.5787,0.0,2.19e-06
43300,1.4698,1.4698,0.0,2.17e-06
43400,1.6464,1.6464,0.0,2.16e-06
43500,1.5105,1.5105,0.0,2.14e-06
43600,1.7322,1.7322,0.0,2.12e-06
43700,1.4743,1.4743,0.0,2.11e-06
43800,1.6699,1.6699,0.0,2.09e-06
43900,1.45,1.45,0.0,2.07e-06
44000,1.8866,1.8866,0.0,2.06e-06
44100,1.4355,1.4355,0.0,2.04e-06
44200,1.5878,1.5878,0.0,2.03e-06
44300,1.6759,1.6759,0.0,2.01e-06
44400,1.5215,1.5215,0.0,1.99e-06
44500,1.4824,1.4824,0.0,1.98e-06
44600,1.6765,1.6765,0.0,1.96e-06
44700,1.5452,1.5452,0.0,1.95e-06
44800,1.4278,1.4278,0.0,1.93e-06
44900,1.3703,1.3703,0.0,1.92e-06
45000,1.3618,1.3618,0.0,1.9e-06
45100,1.3864,1.3864,0.0,1.89e-06
45200,1.6565,1.6565,0.0,1.87e-06
45300,1.3496,1.3496,0.0,1.86e-06
45400,1.6399,1.6399,0.0,1.84e-06
45500,1.56,1.56,0.0,1.83e-06
45600,1.7511,1.7511,0.0,1.81e-06
45700,1.7519,1.7519,0.0,1.8e-06
45800,1.5708,1.5708,0.0,1.79e-06
45900,1.3402,1.3402,0.0,1.77e-06
46000,1.6153,1.6153,0.0,1.76e-06
46100,1.5889,1.5889,0.0,1.74e-06
46200,1.5211,1.5211,0.0,1.73e-06
46300,1.6383,1.6383,0.0,1.72e-06
46400,1.492,1.492,0.0,1.7e-06
46500,1.3221,1.3221,0.0,1.69e-06
46600,1.5834,1.5834,0.0,1.68e-06
46700,1.5511,1.5511,0.0,1.66e-06
46800,1.4616,1.4616,0.0,1.65e-06
46900,1.6246,1.6246,0.0,1.64e-06
47000,1.6226,1.6226,0.0,1.62e-06
47100,1.7724,1.7724,0.0,1.61e-06
47200,1.452,1.452,0.0,1.6e-06
47300,1.5795,1.5795,0.0,1.59e-06
47400,1.6986,1.6986,0.0,1.57e-06
47500,1.6468,1.6468,0.0,1.56e-06
47600,1.4008,1.4008,0.0,1.55e-06
47700,1.462,1.462,0.0,1.54e-06
47800,1.4539,1.4539,0.0,1.53e-06
47900,1.4672,1.4672,0.0,1.52e-06
48000,1.6001,1.6001,0.0,1.5e-06
48100,1.4976,1.4976,0.0,1.49e-06
48200,1.6785,1.6785,0.0,1.48e-06
48300,1.5074,1.5074,0.0,1.47e-06
48400,1.5883,1.5883,0.0,1.46e-06
48500,1.3342,1.3342,0.0,1.45e-06
48600,1.4207,1.4207,0.0,1.44e-06
48700,1.2895,1.2895,0.0,1.43e-06
48800,1.5617,1.5617,0.0,1.42e-06
48900,1.4476,1.4476,0.0,1.41e-06
49000,1.4805,1.4805,0.0,1.4e-06
49100,1.7018,1.7018,0.0,1.39e-06
49200,1.568,1.568,0.0,1.37e-06
49300,1.5698,1.5698,0.0,1.37e-06
49400,1.6099,1.6099,0.0,1.36e-06
49500,1.5438,1.5438,0.0,1.35e-06
49600,1.697,1.697,0.0,1.34e-06
49700,1.4617,1.4617,0.0,1.33e-06
49800,1.6255,1.6255,0.0,1.32e-06
49900,1.4593,1.4593,0.0,1.31e-06
50000,1.492,1.492,0.0,1.3e-06
50100,1.5614,1.5614,0.0,1.29e-06
50200,1.5613,1.5613,0.0,1.28e-06
50300,1.3304,1.3304,0.0,1.27e-06
50400,1.6251,1.6251,0.0,1.26e-06
50500,1.5615,1.5615,0.0,1.26e-06
50600,1.4304,1.4304,0.0,1.25e-06
50700,1.6372,1.6372,0.0,1.24e-06
50800,1.506,1.506,0.0,1.23e-06
50900,1.5026,1.5026,0.0,1.22e-06
51000,1.4521,1.4521,0.0,1.22e-06
51100,1.6458,1.6458,0.0,1.21e-06
51200,1.5192,1.5192,0.0,1.2e-06
51300,1.4795,1.4795,0.0,1.19e-06
51400,1.5872,1.5872,0.0,1.19e-06
51500,1.4488,1.4488,0.0,1.18e-06
51600,1.317,1.317,0.0,1.17e-06
51700,1.3691,1.3691,0.0,1.17e-06
51800,1.5276,1.5276,0.0,1.16e-06
51900,1.5923,1.5923,0.0,1.15e-06
52000,1.5283,1.5283,0.0,1.15e-06
52100,1.338,1.338,0.0,1.14e-06
52200,1.452,1.452,0.0,1.13e-06
52300,1.6162,1.6162,0.0,1.13e-06
52400,1.5052,1.5052,0.0,1.12e-06
52500,1.5115,1.5115,0.0,1.12e-06
52600,1.3699,1.3699,0.0,1.11e-06
52700,1.6047,1.6047,0.0,1.11e-06
52800,1.7081,1.7081,0.0,1.1e-06
52900,1.6356,1.6356,0.0,1.09e-06
53000,1.7103,1.7103,0.0,1.09e-06
53100,1.5189,1.5189,0.0,1.09e-06
53200,1.6424,1.6424,0.0,1.08e-06
53300,1.56,1.56,0.0,1.08e-06
53400,1.4548,1.4548,0.0,1.07e-06
53500,1.5314,1.5314,0.0,1.07e-06
53600,1.5339,1.5339,0.0,1.06e-06
53700,1.482,1.482,0.0,1.06e-06
53800,1.379,1.379,0.0,1.05e-06
53900,1.459,1.459,0.0,1.05e-06
54000,1.5616,1.5616,0.0,1.05e-06
54100,1.4445,1.4445,0.0,1.04e-06
54200,1.6281,1.6281,0.0,1.04e-06
54300,1.4695,1.4695,0.0,1.04e-06
54400,1.5155,1.5155,0.0,1.03e-06
54500,1.4779,1.4779,0.0,1.03e-06
54600,1.4487,1.4487,0.0,1.03e-06
54700,1.4062,1.4062,0.0,1.03e-06
54800,1.7568,1.7568,0.0,1.02e-06
54900,1.5296,1.5296,0.0,1.02e-06
55000,1.4812,1.4812,0.0,1.02e-06
55100,1.3976,1.3976,0.0,1.02e-06
55200,1.5326,1.5326,0.0,1.01e-06
55300,1.4754,1.4754,0.0,1.01e-06
55400,1.4154,1.4154,0.0,1.01e-06
55500,1.693,1.693,0.0,1.01e-06
55600,1.5726,1.5726,0.0,1.01e-06
55700,1.4443,1.4443,0.0,1.01e-06
55800,1.5395,1.5395,0.0,1e-06
55900,1.5543,1.5543,0.0,1e-06
56000,1.751,1.751,0.0,1e-06
56100,1.5817,1.5817,0.0,1e-06
56200,1.5218,1.5218,0.0,1e-06
56300,1.5982,1.5982,0.0,1e-06
56400,1.5347,1.5347,0.0,1e-06
56500,1.4114,1.4114,0.0,1e-06
56600,1.6995,1.6995,0.0,1e-06
56608,1.5287,1.5287,0.0,1e-06
